Tweet,Target,Stance
"I've been doing my reading and I do have to to say, I'm wildly impressed by Hillary Clinton #SemST",Hillary Clinton,FAVOR
#HILLARY has been lying for so long that her first fib was in morse code #HillNo2016 #SemST,Hillary Clinton,AGAINST
Who's monica Lewinsky's favorite football player? Ha-Ha Clinton Dix  #SemST,Hillary Clinton,AGAINST
"@liars_never_win @HillaryClinton shhh, go get me an iced tea..... #SemST",Hillary Clinton,AGAINST
@CiaraAntaya cuz you know I'm such a feminist ,Hillary Clinton,NONE
"#TheDonald can't keep a beauty pageant afloat and wants to be the President?  Aw, hell no. #SemST",Hillary Clinton,AGAINST
"@HillaryClinton is at the top, and has spent her whole career growing government, keeping the deck stacked. #LibertyNotHillary #SemST",Hillary Clinton,AGAINST
"Trump's inauguration speech (God Forbid)!!.....Me-me-me-me-China-me-me,""did i mention me yet!?..where's my hairspray China #SemST",Hillary Clinton,AGAINST
"Do we breathe & live or ignore & collectively succumb to toxins of political, ecological, unwanton oligards? #p2 #bernie2016 #SemST",Hillary Clinton,AGAINST
@ConservatveGurl those of us that also have a brain will be voting against Hillary... #SemST,Hillary Clinton,AGAINST
"@jilevin @strumpetcity Yes. You make me proud. Socialism is the answer, which leads to communism. We will succeed. #SemST",Hillary Clinton,NONE
Well Strung is what should happed the next time these Hillary-loving ass douches encounter some trees. #RedEye #SemST,Hillary Clinton,AGAINST
Congratulations @HillaryClinton on entering the 2016 race for President! You have the support of Jews all over the world! #SemST,Hillary Clinton,FAVOR
What a huge win for America! Today is absolutely historic. #EqualityWins #SCOTUSMarriage #SemST,Hillary Clinton,NONE
"Use your brain, keep Hillary out of the White House.Clinton2016",Hillary Clinton,AGAINST
Free market capitalism is America's best friend because of constant pressure to innovate & use resources efficiently. #SemST,Hillary Clinton,AGAINST
@HillaryClinton Awesome video!  Vote for Chelsea's mom. #SemST,Hillary Clinton,FAVOR
@CheekyGent @ChuckCJohnson Hey Hillary is on her to way to buy votes too! #HillarySoOld #SemST,Hillary Clinton,AGAINST
Volunteer with  your local campaign this weekend! Help build Team Hillary - march w/ us in Bethesda! @AdamParkhomenko #MD #SemST,Hillary Clinton,FAVOR
Support #independent #BernieSanders because he's not a liar. #POTUS #libcrib #democrats #tlot #republicans #WakeUpAmerica #SemST,Hillary Clinton,AGAINST
Thank you @HillaryClinton for your support of the LGBT community. On this historic day I thank you for giving us hope. #SemST,Hillary Clinton,FAVOR
"@ResistTyranny ""@HillaryClinton can't even manage @billclinton and she wants to be @POTUS"" #lol #WakeUpAmerica #StopHillary2016 #SemST",Hillary Clinton,AGAINST
@WashTimes @BretBaier Why is there no outrage about all the smoke & mirrors w/ this candidate? Are you hiding Hill! #SpillHill #SemST,Hillary Clinton,AGAINST
"Hillary claims to be a ""champion"" of the middle class, but @RandPaul tax plan cuts the FICA tax, benefiting the middle class. #SemST",Hillary Clinton,AGAINST
"@oreillyfactor ""@HillaryClinton can't even manage @billclinton and she wants to be @POTUS"" #lol #WakeUpAmerica #StopHillary2016 #SemST",Hillary Clinton,AGAINST
@NRO Does @johnpodesta have any grasp on reality? I need more than 140 characters to address someone as naive as this man. #SemST,Hillary Clinton,NONE
"I hate Hillary Clinton and Obama, please go die together  thrown into the ocean get ripped into prices by sharks. #SemST",Hillary Clinton,AGAINST
It's great that @JebBush supports GMO crops. It's like the IT scepticism all over again. Science vs belief. #JebBush #SemST,Hillary Clinton,AGAINST
if Hillary wins the election there's a chance we might move to Australia. #HILLARY4PRES #SemST,Hillary Clinton,AGAINST
The most revealing part about Hillary's released emails is that they're pretty much as boring as mine. #nofriends #SemST,Hillary Clinton,AGAINST
RT @FutureTXLeader: Are y'all at #UTEP ready for #MarcoRubio in #2016 #Miners #LadyMiners #UniversityOfTexasElPaso #Rubio #New... #SemST,Hillary Clinton,NONE
RT @Waitingforahero: 2nd tweet-#POTUS2016 candidates #guncontrol Read article-esp #JebBush (make #GunViolence worse) & #GunSen... #SemST,Hillary Clinton,AGAINST
@HillaryClinton will be the nominee for the Democratic Party. Period. And she's gonna win the Presidency too. #SorryBernie #SemST,Hillary Clinton,AGAINST
@TheDemocrats @DNCWomen I'm down to help for 2016 election. #SemST,Hillary Clinton,FAVOR
If a man demanded staff to get him an ice tea he'd be called a sexists elitist pig.. Oink oink #Hillary #SemST,Hillary Clinton,AGAINST
@ChelseaClinton's mom has got it going on! #POTUS #ChelseasMom #SemST,Hillary Clinton,FAVOR
"@DrMartyFox @BossHoggUSMC @JohnFromCranber @seanhannity @SheriffClarke Fine, they can leave USA & never come back. #OiP #Cruz2016 #SemST",Hillary Clinton,AGAINST
Before leaving my dad's I took the liberty in framing and put up the pictures he has meeting Hillary and Bill Clinton in '92 #SemST,Hillary Clinton,FAVOR
@ghostseven77 WE HAVE A TROLL ! #morningjoe #unitedblue #SemST,Hillary Clinton,NONE
@SLessard 100% agree. We need a woman like Hillary that can help this country get nursed back together! #SemST,Hillary Clinton,FAVOR
@LaureneDiCillo @NBCNews @dl34l And why are major media outlets not exposing Hillary's blatant flip flopping on this issue. #SemST,Hillary Clinton,AGAINST
I feel confident that @HillaryClinton will win  in 2016. #SemST,Hillary Clinton,AGAINST
"Overheard at the Davenport open house: ""Oh, I know you from Facebook!"" #DigitalOrganizing #SemST",Hillary Clinton,AGAINST
"RT @NicolaSturgeon: ""It's official: Hillary's running for president,"" says her campaign chief. Excellent! #SemST",Hillary Clinton,FAVOR
@megynkelly Hahahaha combed through emails!!! Bunch of scumbags!!! #NoHillary2016 #SemST,Hillary Clinton,AGAINST
"The only thing that I would pay money for is to hear Hillary Clinton say ""I QUIT and I'm GUILTY"" that would be worth millions. #SemST",Hillary Clinton,AGAINST
@greta What #Bernie2016 has done is work for DECADES on behalf of the American people not the corporatocracy who own corrupted #SemST,Hillary Clinton,AGAINST
"@ReformedBroker ""to da honies gittin money playing #bleep words like dummies"" #POPPA #SemST",Hillary Clinton,NONE
RT @FutureTXLeader: Who in #CorpusChristi is ready for #MarcoRubio in #2016 #Hooks #CC #Texas #TX #361 #KeepTexasRed #GOP #Tea... #SemST,Hillary Clinton,AGAINST
@BarackObama #Love_peace and peaceful coexistence of all no to violence and #terrorism #SemST,Hillary Clinton,NONE
@larryelder The more Republicans  talk about social policy the better....for #SemST,Hillary Clinton,NONE
"@gerfingerpoken2 he made a careless mistake, she deliberately broke many laws & still lies about it. #SemST",Hillary Clinton,AGAINST
@realDonaldTrump @MalachiNorris lol!!!!  That is one of the funniest things I've heard in a while!!!!  #SemST,Hillary Clinton,NONE
#HillaryClinton is hiring #Monsanto lawyers to help her become President. The next president shouldn't be aided by Monsanto #SemST,Hillary Clinton,AGAINST
Casually hangin' with @HillaryClinton on a conference call while taking a break at #ACUHOI. #SemST,Hillary Clinton,FAVOR
Just ordered my Chillary Clinton Koozies. Gotta support the team. #SemST,Hillary Clinton,AGAINST
I'm 19 years old and care about politics and elections.... I feel like I'm 67 years old #SemST,Hillary Clinton,NONE
I want America to great again #WhyImNotVotingForHillary,Hillary Clinton,AGAINST
"@Temp15544 @icedecay @BrooklynJuggler @classic_mouth In this context, to all practical extents and purposes? It means #SemST",Hillary Clinton,NONE
@LindaSuhler and the sheeple will still vote for her #SemST,Hillary Clinton,AGAINST
"Denial. It works for Hillary, why not the Mayor of #Baltimore. #DemocratLiesMatter #SemST",Hillary Clinton,AGAINST
@petefrt That woman is so corrupt she can't even have a truthful thought. #SemST,Hillary Clinton,AGAINST
Spoke to @HillaryClinton today in NYC. Wow! So smart and impressive!!! #SemST,Hillary Clinton,FAVOR
@debaterlife took me a minute to realize where this came from #SemST,Hillary Clinton,NONE
Republican candidates continuing to spread hatred and alienating the voters. Hillary wins!  #LoveWins #MikeHuckabee #Rubio2016 #SemST,Hillary Clinton,FAVOR
"Jimmy Fallon music playing. Thank you .... #DonaldTrump  ... for driving Latinos and Gays out to vote by the millions.  Love,  #SemST",Hillary Clinton,NONE
@HillaryClinton @ca_hillary stand on the right side #SemST,Hillary Clinton,FAVOR
Don't get it twisted. A major presidential candidate using her first policy speech to talk about mass incarcertaion. #SemST,Hillary Clinton,AGAINST
Do we call Bill Mr President...the first 1st man of Or mr president the 1st man? Lol #imreadyforhillary #SemST,Hillary Clinton,FAVOR
@GovChristie can't even run NJ and wants to be president? I'd vote for him before @HillaryClinton #SemST,Hillary Clinton,AGAINST
"Take it easy Ed, #BernieSanders is a side show. Democrats are having some fun before getting back to reality in Nov 2016.  #SemST",Hillary Clinton,AGAINST
#HillaryClinton has yet to release @ClintonFdn donors... Public deserves disclosure. #Scandals #lies #Clintons #SemST,Hillary Clinton,AGAINST
Apple and Walmart = MADE IN CHINA Why does our country continue to sell us out to China in every way possible? #AppleMusic  #SemST,Hillary Clinton,NONE
"@tedcruz And, #HandOverTheServer she wiped clean + 30k deleted emails, explains dereliction of duty/lies re #Benghazi,etc #tcot",Hillary Clinton,AGAINST
"Make sure to make it to the Brew House in Pella, IA tomorrow @ 3 to meet with @HillaryClinton supporters! #SemST",Hillary Clinton,AGAINST
"She's NOT a WOMAN, she's a POLITICIAN. #WhyImNotVotingForHillary #StopHillaryClinton2016 #Benghazi #savetheUSA #SemST",Hillary Clinton,AGAINST
#Hillary is as transparent as a brick wall #LibertyNotHillary,Hillary Clinton,AGAINST
"Bad punning gets worse, not better, over time. Remember that, America #SemST",Hillary Clinton,NONE
"America needs a champion!-H  No thanks,@HillaryClinton we don't need a champion, especially if you're that ""champion"".   #SemST",Hillary Clinton,AGAINST
#LoveWins on the day I get my Hillary gear! #Yaaas #Pride #SemST,Hillary Clinton,FAVOR
Exciting to hear more about our Fellows all across the country on tonight's call. Special shout-out to the #FellowsIA. #SemST,Hillary Clinton,NONE
"My birthday is on July 24th, if anyone needs a gift idea #ChillaryClinton #SemST",Hillary Clinton,AGAINST
"@theblaze If you think Hillary isn't taking foreign money from Muslim brotherhood, you probably favor Obama as chief justice #SemST",Hillary Clinton,AGAINST
#Univision ignores Latino candidate Marco Rubio because he doesn't fit their narrative.They're invested with Hillary #rubio2016 #SemST,Hillary Clinton,AGAINST
@Jeff_Nichols_82 @HillaryforIA #freedom_justice_equality_education for innovation and development to make #happy_life in Utopia #SemST,Hillary Clinton,FAVOR
Save an intern.... Keep Bill & Hillary out of the White House.  #SemST,Hillary Clinton,AGAINST
@Upworthy @HillaryClinton It should be illegal for an employer to discriminate against their workers. #EqualityForAll #SemST,Hillary Clinton,FAVOR
I wish Bernie's fans would stop screaming. #Bernie2016 #SemST,Hillary Clinton,AGAINST
"3. Fixing America's political system by getting rid of ""unaccountable"" money, and 4. Protecting the country. #SemST",Hillary Clinton,NONE
@HillaryClinton > since trickle down economics has failed when was the last time a poor person created jobs? #SemST,Hillary Clinton,AGAINST
I would LMAO if some negro Democrat decides to run for President. #HillaryClinton2016 #HillarysBigAnnouncement #HillarysDonors #SemST,Hillary Clinton,AGAINST
My dad told me he's voting for Hillary. I'm so proud. LOL #SemST,Hillary Clinton,FAVOR
How can she live with herself? #Benghazi #SemST,Hillary Clinton,AGAINST
"@FoxNews report shows U.S. State Department cannot locate 15 of Hillary Clinton's Private Emails.  Not so fast, Hillary! #SemST",Hillary Clinton,AGAINST
Too many women in too many countries speak the same language  of silence. HILLARY CLINTON #HillaryCliton #Hillary4Women #SemST,Hillary Clinton,FAVOR
@HillaryClinton Yes! I am chipping in 5$ because we have faith in you. #SemST,Hillary Clinton,FAVOR
".@davelevinthal Operating a shredder, now @hillaryclinton is WAY more adept at using THAT! #WakeUpAmerica #TCOT #OhHillNO! #SemST",Hillary Clinton,AGAINST
@voxdotcom   #wgn #WGNTV - now mentions ROMNEY? #Hillary CARE = ROMNEY CARE = #Obamacare -- now PUBLIC OPTION for ALL #SemST,Hillary Clinton,NONE
@popcornreel @joanwalsh @SenSanders @BernieSanders He is what he is and it doesn't resonate with minority and black voters! #SemST,Hillary Clinton,NONE
/#Leftest #Hippocratic #Domecrats won't vote for #FineLady #MichellBachmann but will vote for #EmailScandal #Benghazi #Killary #SemST,Hillary Clinton,AGAINST
"@HillaryforNV @MissLynnetteH 2 hours left, let's chip in $5, Nevada! #raisethenewPOTUS #SemST",Hillary Clinton,AGAINST
#KCA #VoteJKT48ID RfWheels3015: davidjones720 rratkinson Right I mean what the heck is an #ArabDonorGroup ?? #HillaryEmails #D... #SemST,Hillary Clinton,AGAINST
#INeedMeninist because @HillaryClinton is running for president...do I need to say more? #SemST,Hillary Clinton,AGAINST
"One of Hillary Clinton's biggest idols is Margaret Sanger, who called for the extermination of colored people. #SemST",Hillary Clinton,AGAINST
@PoliticalShort She would have to have a conscious to be haunted. @jlconnell66 #killary #Marxism  #SemST,Hillary Clinton,AGAINST
@moser_kristen  I love how you pay more attention to the democratic candidate than you own republican candidates #KnowTheEnemy #SemST,Hillary Clinton,NONE
@HillaryClinton You have proven your dishonesty once again in flip flopping on this issue. People know you were opposed before. #SemST,Hillary Clinton,AGAINST
Hillary will get past the primaries cause Dem voters don't think she can do any wrong. But she will be beat in November #SemST,Hillary Clinton,AGAINST
"Everything Hillary touches ends up being a scam, a lie, a cover-up, or a failure. William L. Just who we want as president.",Hillary Clinton,AGAINST
"@NaughtyBeyotch @TheRealMadman23  Don't care for #Fiorina, but it seems she taking the #sexist gut punches by the #media. #MSM",Hillary Clinton,NONE
@dhz26 I love a good sale. Money well spent. 2 birds with 1stone. #LoveWins #SemST,Hillary Clinton,NONE
@HillaryClinton The deceit hand? Thats a hand you know well. Right? #SemST,Hillary Clinton,AGAINST
@HillaryClinton Says the millionaire politician who accepts $$$ from countries that execute gays. #Hypocrite #WakeUpAmerica #SemST,Hillary Clinton,AGAINST
.@Theblacksphere #Hillary took a #HypocriticalOath with a vow to do harm to all that cross her. Are you #ReadyForHillary  #GOP2016 #SemST,Hillary Clinton,AGAINST
How many poor kids could $2.5 billion feed? #SemST,Hillary Clinton,NONE
How much was Monica getting paid when Bill's burrito squirted sauce all over her pretty blue dress? @MauraReynolds @politico #SemST,Hillary Clinton,AGAINST
@foxnation That should have been done BEFORE she got rid of it!!! #NoHillary2016 #SemST,Hillary Clinton,AGAINST
@TODAYshow Hillary's emails missing and incomplete? Who'd of thunk it??  JUST TRUST ME!!! #SemST,Hillary Clinton,AGAINST
"@HillaryClinton Did your rich Saudi donors, who execute gays, join the team? #Hypocrite #WakeUpAmerica  #SemST",Hillary Clinton,AGAINST
"Gov. Chafee, why are you trying to make fetch happen. It's not going to happen. #SemST",Hillary Clinton,NONE
@BDabs888 let's go shoot your now today. #SemST,Hillary Clinton,NONE
"You're a idiot if you vote for Hillary, her and Obama are The Epitome  of what's wrong with this country #Benghazi #SemST",Hillary Clinton,AGAINST
"@RAM0018 @joanwalsh @Salon @BreeNewsome @chrislhayes Without the blacks and minority voters? NO, Won't happen! #SemST",Hillary Clinton,NONE
@readyforHRC @HillaryClinton  Support encourage #HillaryClinton president #UnitedStates world is success of women in  world #SemST,Hillary Clinton,FAVOR
"@zacharyebell Thank you 4the follow. God bless you and those you love! God bless America, may she always be the land of the free! #SemST",Hillary Clinton,NONE
"#BENGHAZI WAIT DID I SAY ""THANK GOD?"" VOTERS? SRY!! MT!! I MEANT ""THANK GOODNESS!"" NO OFFENSE INTENDED! ##tcot #SemST",Hillary Clinton,AGAINST
"@Chris_1791 @TruthRevolt That doesn't leave much to talk about, then, does it? #SemST",Hillary Clinton,NONE
"So we're to believe that ""Santa"" is a hairstylist?   Um... okay. You often need code for that. #Lies #SemST",Hillary Clinton,NONE
Thanks @Chefs4Hillary for amazing noms for canvassing #FITN #SemST,Hillary Clinton,FAVOR
"@SCOTUS_Scalia Right. Words no longer have meaning. Like Clintons,""It depends on what the meaning of 'is' is."" More if we don't #SemST",Hillary Clinton,AGAINST
"Apparently, putting cocaine in someone's butthole and then waiting for them to fart in your face is the wrong way to get high. #SemST",Hillary Clinton,NONE
"@asphaultangel13 Afterall, they're just a poor black family trying to pay the bills!  @crousselle #WhyImNotVotingForHillary #TCOT #SemST",Hillary Clinton,AGAINST
Yes HRC subject 2 dbl standard Smh Come on @billclinton @HillaryClinton U Knew @ClintonFdn Donations Would b Scrutinized; Spun!,Hillary Clinton,AGAINST
Was asked by @HillaryClinton to help with her campaign. Gladly (excitedly) accepted! #SemST,Hillary Clinton,FAVOR
.@gailtalk @trscoop Of course it was. She'll be handled every step of the way. They can't risk her unscripted. #SemST,Hillary Clinton,AGAINST
Can't wait to get my #YaaasHillary shirt!  @HillaryClinton #SemST,Hillary Clinton,FAVOR
The only way I support Hillary was if Elizabeth Warren ran or Karl Marx was running #2016 #Clinton2016,Hillary Clinton,AGAINST
Sending u gay bear love from Chicago @HillaryClinton #HillaryMyPresident #SemST,Hillary Clinton,FAVOR
Y did #randpaul take donations from a #WhiteSupremacy group after shaking hands with black leaders? #BlackLivesMatter #gop #SemST,Hillary Clinton,NONE
"#StopHillary2016 @HillaryClinton if there was a woman with integrity and honesty I would vote for such as woman president, NO",Hillary Clinton,AGAINST
"Hillary has lied, deleted Benghazi emails, and betrayed the trust of Americans scandal after scandal. #SemST",Hillary Clinton,AGAINST
"In case of Emergency, Push THIS BUTTON to scrub server..... #SemST",Hillary Clinton,NONE
@politico   YAWNzzzzzzzzzzzzzz could keep the z's going for the full amt of Tweet characters but you get the point. #SemST,Hillary Clinton,AGAINST
"Do America a favor, If you feel you must vote for a woman candidate, Vote for #Carly2016 who at least has integrity unlike #SemST",Hillary Clinton,AGAINST
Can @DavidCornDC help Cuckold Conservatives win in 2016!  More cuckoldry please!  #Christie2016 #DonaldTrump #UniteBlue #p2 #SemST,Hillary Clinton,AGAINST
Why is Hillary lying AGAIN about something news worthy? What's news worthy is if she doesn't lie about something #SemST,Hillary Clinton,AGAINST
Today LOVE won and Hate was defeated. #MorningJoe #UnitedBlue #SemST,Hillary Clinton,NONE
"@bristola48 @AlciniaH @Mahogany1992 @stphil @MzDivah67 @Progress4Ohio @graceslick77 @AuntLulie @deejayedee He cool, but NO #SemST",Hillary Clinton,NONE
"I'd love for some reporter to ask, ""Sec Clinton, will u b returning the White House china, if elected? Or did u already hock it? #SemST",Hillary Clinton,AGAINST
@occupycorruptDC she ain't no ways tired of being a dumbass #SemST,Hillary Clinton,NONE
@Chris_1791 @newsbusters 2 years ago #Hillary never answered whether she used private email #Liberal media passed on reporting #SemST,Hillary Clinton,AGAINST
I think I am going to vote for Monica Lewinsky's Ex- boyfriends Wife #SemST,Hillary Clinton,FAVOR
"hey ""transparent"" @HillaryClinton so...who is ""Santa""? #LibHack #Pay2Play #Corruptocrat #tcot #Benghazi #VinceFoster #Monica #SemST",Hillary Clinton,AGAINST
If I run for office this will be my original logo:          M   #libertynothillary  #HillNo #tcot #UniteBlue #SemST,Hillary Clinton,AGAINST
If you support @HillaryClinton you are supporting another term of the policies of George W Bush. #democrats #mepolitics #SemST,Hillary Clinton,AGAINST
"@mizerello @meetthepress at least he didn't lose an embassy, cover up a murder, or burn govt emails. #SemST",Hillary Clinton,AGAINST
"#Putin, the last thing the US needs right now is another #Clinton or #Bush in the White house. We're a dynasty now? #Jeb2016 #SemST",Hillary Clinton,AGAINST
@lajouetreine @KarrattiPaul I'm not a Genitalian #SemST,Hillary Clinton,NONE
@NatureGuy101 @MaryMorientes   Support encourage #HillaryClinton president #UnitedStates world is success of women in  world #SemST,Hillary Clinton,FAVOR
"I AM A CROOK...and I like it, like it, yes I do #HillaryCampaignSlogan  #WakeUpAmerica #StopHillary2016 #specialreport #SemST",Hillary Clinton,AGAINST
@WSJ . Clinton Foundation to keep accepting bribes from foreign governments #WhyImNotVotingForHillary,Hillary Clinton,AGAINST
"RT @muradguderian: Democrats are Red, Obama is a Communist, I'm a true Patriot, So stop Hillary.  #tcot #SemST",Hillary Clinton,AGAINST
We can't expect change if we continue to vote for the same people. You have to take a chance 4yrs is not that long #Bernie2016 #SemST,Hillary Clinton,AGAINST
@Anomaly100 I'm confident that will piss off a few white Anglo-Saxon Protestants!  Keep talking Jeb. #SemST,Hillary Clinton,NONE
"It's Monday night,do you know where your Hillary supporters are? In Rock Hill at our Amazing Phone bank! Come join!HillaryforSC #SemST",Hillary Clinton,FAVOR
At least the few mistakes made by @GOP candidates on the campaign aren't felonies like the ones@HillaryClinton makes.#OhHillNo #SemST,Hillary Clinton,AGAINST
"Bill Clinton Decided against taking out Bin Laden.   And we Got September 11, 2001.  #SemST",Hillary Clinton,AGAINST
Great day in Emmetsburg meeting with #HillaryClinton supporters and learning more about important issues in Palo Alto county #SemST,Hillary Clinton,AGAINST
@adamplevy @maggieNYT @danmericaCNN The people came to see & hear Hillary not the Press obstructing their view #SemST,Hillary Clinton,AGAINST
I'm #ThatChampion who got kicked off the #Watergate team due to misconduct.  #tcot,Hillary Clinton,NONE
"Despite today's ruling, our struggle to end LGBT discrimination is also far from finished - @HillaryClinton #VirginiaJJ #SemST",Hillary Clinton,FAVOR
@HillaryClinton  A Rainbow logo? Did u know only 4% of the US is gay? (2010 Census). #WhyImNotVotingForHillary #SemST,Hillary Clinton,AGAINST
@JebBush you are set to lose if ur campaign is based on critics instead of proposing #bushfail #SemST,Hillary Clinton,NONE
Madam President Clinton; you have all the gays vote. #jarrid #SemST,Hillary Clinton,FAVOR
Kind of scares me that there are still thousands of emails that have not been released from Hillary's private emails.  #SemST,Hillary Clinton,AGAINST
My sexy daddy Obama had two wins this week. Happy for him & democrats   #SemST,Hillary Clinton,NONE
I really need my new @HillaryClinton shirt to come in. Meeting some people at the brewery same night as a Bernie meetup there. #SemST,Hillary Clinton,FAVOR
Hillary: stop pretending you were supporting the LGBT people when you opposed them until 2013. You are a lying conniving human #SemST,Hillary Clinton,AGAINST
@BuffaloBill71 @AramisFraino @pamnsc  Thank you so much for FAVs and RTs!!! #WakeUpAmerica #SemST,Hillary Clinton,NONE
@HillaryClinton R U desperate or what? 3rd Hillary tweet on my timeline 2day. NOT gonna vote 4 U! #SemST,Hillary Clinton,AGAINST
I got it! I got it!   A Hillary accomplishment!   She's managed to stay out of prison despite a 30-year crime spree. #tcot #ocra #SemST,Hillary Clinton,AGAINST
"@Lawrence @TheLastWord There is no enthusiasm gap, Mr. Lawrence!    -@TheHRCSuperVols   @JW4Hillary @kimfrederi #Hillarymen #SemST",Hillary Clinton,AGAINST
"@TIMENOUT  ""@HillaryClinton can't even manage @billclinton and she wants to be @POTUS"" #lol #WakeUpAmerica #StopHillary2016 #SemST",Hillary Clinton,AGAINST
RT @spanglishpop: Thanks @GOP keep sending in the clowns! It makes this upcoming election very entertaining #latinos2016 #Rock... #SemST,Hillary Clinton,NONE
"@TODAYshow @ChrisChristie is not qualified b/c he eats $82,000 in snacks & b/c of D corruption of #Bridgegate  A BIG FAT BULLY! #SemST",Hillary Clinton,AGAINST
"@sunbeltgirl @9975Ts @bobwilsonn ""@HillaryClinton can't even manage @billclinton and she wants to be @POTUS"" #lol #StopHillary2016 #SemST",Hillary Clinton,AGAINST
@HillaryClinton @BarackObama The whole #world is supporting you. #SemST,Hillary Clinton,FAVOR
.@CaptYonah @thehill Fine; unethical or illegal quid pro quo uranium deal works for me. #SemST,Hillary Clinton,NONE
"96 commit cards collected for Hillary in Greenville, SC so far! #FellowsSC #SemST",Hillary Clinton,FAVOR
"@seanhannity we lost 4,000 of our Military boys when your President pulled out of Iraq.  #LiberalConsequences  #SemST",Hillary Clinton,AGAINST
so @AdamParkhomenko met @oliviawilde . there aren't enough words to describe my envy haha #SemST,Hillary Clinton,AGAINST
#ThingsYouDontSayAsAPolitician  I don't feel no ways tired. Go to the back of the line. What difference does it make?  #SemST,Hillary Clinton,NONE
"@readyforHRC @HillaryClinton #HillaryClinton, the US presidency is a testament to the success of #women their role in the world",Hillary Clinton,FAVOR
#AskPOTUS Would you fire the #GOP congress for not doing their job if you could? #GOPFail #SemST,Hillary Clinton,AGAINST
"@Bluesaloon Women are not a demographic, we are at least 50% of the nation. So a woman is no more symbolic than a man #SemST",Hillary Clinton,NONE
"@jstines3 @WoodenThreat Open mouth, reveal heart-Margaret Sanger,architect for black genocide @larryelder @TheFive #HillarySoWhite #SemST",Hillary Clinton,AGAINST
Great to see my mentor @RepSusanDavis at #DCinSD. And she's right we have the most qualified candidate ever running for POTUS. #SemST,Hillary Clinton,FAVOR
"@Reince Facts confirm what we knew. Used server to prevent e-mails from becoming public records. Like Obama, no transparency. #SemST",Hillary Clinton,AGAINST
"I called everyone I knew and raised $17,000 from ex-boyfriends - Sen. Klobuchar #SemST",Hillary Clinton,NONE
Can anyone name the jobs #HillaryClinton has been responsible for creating.. Even her security is an entitlement... #SemST,Hillary Clinton,AGAINST
#AmericaDeadBrokeSLOWLY SLOWLY China wants the yuan to replace the U.S. dollar as the world's new global currency. #SemST,Hillary Clinton,NONE
@Norsu2 secret Clinton docs? gee WHAT a surprise! #SemST,Hillary Clinton,AGAINST
@gerfingerpoken Why is this woman like teflon?  She has committed enuf egregious crimes she should B superglued 2the dang wall! #SemST,Hillary Clinton,AGAINST
@kimkennedy4 thats why they still have no voting rights. #SemST,Hillary Clinton,NONE
@JerseyKidPicks thank you sir. It's an honor to hear it. USA for life. Spread this for me. #RememberBenghazi2016 #SemST,Hillary Clinton,NONE
"@SoCaliMilitia1 @CzarofFreedom  That God for global warming melting icebergs, never gets prosecuted for her crimes #Liberals #SemST",Hillary Clinton,AGAINST
Go watch America: Imagine A World Without Her. It'll make you realize how lucky we are to live in the best country on Earth #SemST,Hillary Clinton,NONE
"#HillaryClinton might want to book smaller venues for her rallies, if not many empty seats will be seen on TV, that's bad lol #SemST",Hillary Clinton,AGAINST
"@FoxNews  ""@HillaryClinton can't even manage @billclinton and she wants to be @POTUS"" #lol #WakeUpAmerica #StopHillary2016 #SemST",Hillary Clinton,AGAINST
"Why does the "" shit barometer "" always rise when Republicans speak? #USA #July4 #SemST",Hillary Clinton,AGAINST
@docdebags @awelab1956 @BuzzFeedAndrew @BuzzFeedNews  It will. Otherwise we're guaranteed GOP in control of all 3 branches. #SemST,Hillary Clinton,AGAINST
@RIGHTZONE @WethePeoplePets Let's hope the VOTERS remember! #HillNo,Hillary Clinton,AGAINST
"Also, I finally moved to @FDCITY today! Will be much easier to get around going forward! #moving #SemST",Hillary Clinton,NONE
@GOP Of course @HillaryClinton is silent. That insures she doesn't have 2 stand 4 ANYTHING & less chance of offending voters #SemST,Hillary Clinton,AGAINST
Hey #TexasState #Bobcats I hope y'all are ready for #MarcoRubio #2016 #TexasStateUniversity #NewAmericanCentury #Texas #TCOT #SemST,Hillary Clinton,NONE
Gwen being a good leader and training a new volunteer in rock hill.! #FellowsSC #HillaryForSC #SemST,Hillary Clinton,FAVOR
It is offensive when the mexican flag flies on US soil. California state capital. #Lovewins #univision #foxnews #DonaldTrump #SemST,Hillary Clinton,AGAINST
"Gay Rights are Human Rights, and Human Rights are #GayRights - @HillaryClinton #HillaryForAmerica #SemST",Hillary Clinton,FAVOR
@robin45208 @C4Constitution Thank you so much for RTs!!! #WakeUpAmerica  #SemST,Hillary Clinton,AGAINST
"I guarantee Hillary could care less about black rights.  If Obama did, blacks wouldn't be in the same predicament still.  #SemST",Hillary Clinton,AGAINST
"@josephbenning I agree, these are better than what you had before, like a severe cold is better than pneumonia. Good luck.",Hillary Clinton,NONE
@HillaryClinton will pick @SenWarren for VP -Mark my tweet. #UnstoppableTicket #ElizabethWarren #SemST,Hillary Clinton,FAVOR
"@GideonHenry First SCOTUS reaffirms Obamacare, then it legalize gay marriage. Your world is crumbling! #SemST",Hillary Clinton,NONE
Hilliary: I provided all work related emails  State Dept: There are work related emails you didn't provide  #Hillaredacted #SemST,Hillary Clinton,AGAINST
@readyforHRC   Support encourage #HillaryClinton president #UnitedStates world is success of women in  world #SemST,Hillary Clinton,FAVOR
"@tjhansen @owillis serious, if trump runs you'll get a trump tattoo? Calling the Donald!! #SemST",Hillary Clinton,NONE
"In 2013 Clinton Foundation collected $140M and spent $9M on direct aid, in 2014 they raised $500M and spent $100M on direct aid!  #SemST",Hillary Clinton,AGAINST
The Kool-Aid drinking leftanistas continue to close ranks with support for Madame Secretary. WTF? Hillary is a fraud full of lies. #SemST,Hillary Clinton,AGAINST
@clairecmc @RosieGray is that why she and @ClintonGlobal take that #Saudi money? #SaudiCables #SaudiCables #clinton2016 #SemST,Hillary Clinton,AGAINST
#everydaysexism Only > @ATikSalt < may say what sexism is. The rest of y'all shut up. #SemST,Hillary Clinton,NONE
"@HillaryClinton had more twitter followers then all four major Republican candidates (Bush, Rubio, Paul, Cruz) COMBINED. #SemST",Hillary Clinton,FAVOR
If you're not watching @HillaryClinton's speech right now you're missing her drop tons of wisdom. #SemST,Hillary Clinton,FAVOR
I bet Leslie Knope would be so happy about #SemST,Hillary Clinton,FAVOR
Didn't think about that. Don't think I'd ever vote for someone with dual citizenship. Can't believe it's legal. #Bernie #SemST,Hillary Clinton,NONE
"It's a miracle, suddenly #Democrats don't mind having someone who voted for war.",Hillary Clinton,AGAINST
@dedicated_to_it i think the main problem is having your foot in your mouth in the first place. #SemST,Hillary Clinton,NONE
"@FrankCraig: @skzdalimit if you're the best your side has to offer, we have nothing to worry about, slick. #SemST",Hillary Clinton,NONE
A proper introduction of Hillary Clinton should begin with five words: Will the defendant please rise #WhyImNotVotingForHillary #SemST,Hillary Clinton,AGAINST
RT @FutureTXLeader: Is everyone in #ElPaso #Texas ready for president #MarcoRubio #UTEP #NewAmericanCentury #2016 #Future #Rub...,Hillary Clinton,AGAINST
#Christie2016 you can't claim #Bridgegate wasn't your fault when you were the man behind the wheel. #GOP  #TeaParty #TCOT #DEM #SemST,Hillary Clinton,AGAINST
"Night, sleep tight, don't let Hillary bite. says @Tony_Tickets   ""Nightmares"" is all I say.  #SemST",Hillary Clinton,AGAINST
"@LeighStorz @jstines3 Totally agree, Hillary is an incompetent scandal ridden phony. #SemST",Hillary Clinton,AGAINST
@Froquesha u get me that book yea?  #SemST,Hillary Clinton,NONE
Obama:  climate change or bush?  Who to blame...?  Hillary:  right wing conspiracy in Baltimore. #BalitmoreRiots #SemST,Hillary Clinton,AGAINST
@RandPaul @HillaryClinton you could never dream to be as intelligent as she is #SemST,Hillary Clinton,FAVOR
@HillaryClinton You can run but you ca't hide. #ClintonFoundationscandal #ClintonCash #emailgate #SemST,Hillary Clinton,AGAINST
I can vote in 2016 after all ayyyyyyyyyy #SemST,Hillary Clinton,NONE
Fox News predicting 3 way marriage-gee we have the Mormons for that!  #morningjoe #unitedblue #SemST,Hillary Clinton,NONE
@17leete17 hahaha. He is some kind of special..  this is why Hillary's going to win! Hahaha. #SemST,Hillary Clinton,FAVOR
#Hillary to stop for #pizza today to garner the #Italian vote. #MSM is worthless. #libertynothillary #HillNo,Hillary Clinton,AGAINST
Hillary can't use a fucking fax machine but you idiots are going to vote for her to be President?  #SemST,Hillary Clinton,AGAINST
This weekend is the Hillary For America Weekend of Action & I hope you'll participate. -L #California #SemST,Hillary Clinton,FAVOR
"Why is HRC so popular?  This deceptive socialist accomplished nothing. Is only wife of an impeached President, who enabled UBL.   #SemST",Hillary Clinton,AGAINST
RT @GunnJessica: Because I want young American women to be able to be proud of the 1st woman president #SemST,Hillary Clinton,FAVOR
"@realDonaldTrump ""@HillaryClinton can't even manage @billclinton and she wants to be @POTUS"" #lol #WakeUpAmerica #StopHillary2016 #SemST",Hillary Clinton,AGAINST
Hopefully Hillary Clinton gets cancer and dies before she gets the opportunity to embarrass our country any further. #july4th #SemST,Hillary Clinton,AGAINST
"@kryptickaos_ I would have to agree, but I would be surprised if he gets the nom. Jeb bush has the money, and he's a moderate. #SemST",Hillary Clinton,NONE
I am just full of myself tonight  #tofunny #funny #funnier #hilarious #HilaryDuff #QuotesOfTheDay #quotestoliveby #quotes #SemST,Hillary Clinton,NONE
"I need @JamesCarville & @HillaryClinton to stop emailing me. I love you, but I need my space. #stillvotingforyou #SemST",Hillary Clinton,FAVOR
#HillaryClinton We've all been waiting for your rainbow-striped pantsuit  #fashionista #LoveWins #SemST,Hillary Clinton,FAVOR
So excited to hear @HillaryClinton speak here at @dartmouth in #Hanover #HillaryinNH @HillaryforNH #SemST,Hillary Clinton,FAVOR
"#Putin, #NothingMoreAmericanThan voting for a politician to lead the country when she can't even handle email. #think #SemST",Hillary Clinton,AGAINST
HER NAME IS RIO AND SHE DANCES IN THE SANAAAAAND!!! WHOOOO!! #tcOT #SemST,Hillary Clinton,AGAINST
"Hillary Clinton keeps sending me emails, and when I try to unsubscribe, I get an error message. THIS IS CANCER #SemST",Hillary Clinton,AGAINST
Hillary is on her way to #Baltimore to be their champion. #BaltimoreRiots #SemST,Hillary Clinton,FAVOR
Chris Christie for President? HAHAHAHAHA!  I don't think so!  @HillaryClinton #Clinton #Hilary #SemST,Hillary Clinton,AGAINST
@WNTonight i love bernie because he ain't #SemST,Hillary Clinton,NONE
"SCOTUS dealt a blow to Hillary Clintons last campaign 'promise'... What is she running on now? Corruption, lies, and deceit. #SemST",Hillary Clinton,AGAINST
@DRUDGE_REPORT We haven't even had the elections yet. #SemST,Hillary Clinton,NONE
.@HillaryClinton What's the ambient temperature in #Hell today? Use that as a guide!  #SemST,Hillary Clinton,AGAINST
@HillaryClinton I notice that you didn't condemn the lawless actions of the rioters. #SemST,Hillary Clinton,AGAINST
@AndreaTantaros @3coffeesplez WTF? This just keeps getting crazier! #SemST,Hillary Clinton,NONE
crazy to think next up for the Oval Office is either going to be Hillary or a Republican #SemST,Hillary Clinton,AGAINST
"You can't grow an economy from the bottom up. If she gets in, we're ALL in trouble #SemST",Hillary Clinton,AGAINST
Loved talking with Yvette today about education and women's voices in politics. Can't wait to see her on caucus day! #FellowsIA #SemST,Hillary Clinton,AGAINST
@HillaryClinton said #AllLivesMatter just like she said marriage was between a man and a woman! Giver her a few more years #SemST,Hillary Clinton,AGAINST
@gerfingerpoken @jjauthor one can only hope #SemST,Hillary Clinton,NONE
"Just met an awesome supporter on the CX bus! He said ""Hillary is one strong woman and we need that for our country."" #FellowsNV #SemST",Hillary Clinton,FAVOR
Obama give Americans OVERTIME Pay! Republicans give Americans Welfare Checks! #tcot #UniteBlue #SemST,Hillary Clinton,AGAINST
"Let's make Secretary Clinton, President Clinton - @AGMarkHerring @vademocrats #SemST",Hillary Clinton,FAVOR
"@politico @anniekarni ""@HillaryClinton can't even manage @billclinton & she wants to be @POTUS"" #WakeUpAmerica #StopHillary2016 #SemST",Hillary Clinton,AGAINST
@pikester45 Exactly what I don't want to see happen in America. #SemST,Hillary Clinton,AGAINST
YES! Community policing is answer to rebuilding trust in our communities between law enforcement and the people they serve. #SemST,Hillary Clinton,NONE
"@RedStateJake ""@HillaryClinton can't even manage @billclinton and she wants to be @POTUS"" #lol #WakeUpAmerica #StopHillary2016 #SemST",Hillary Clinton,AGAINST
If you need me I'll be screaming like a little baby from now until about ten minutes after @HillaryClinton arrives in #PTown. #SemST,Hillary Clinton,AGAINST
The only Intelligent Choice for USA is Hillary Clinton....You can not afford to stay HOME ...you must VOTE and VOTE #UniteBlue #SemST,Hillary Clinton,FAVOR
"Everything abt @HillaryClinton is BOGUS. Her issues, her history, her #Iowa trip, her #Twitter followers, her campaigning #SemST",Hillary Clinton,AGAINST
Fantastic Emmet County Dem meeting tonight in Estherville. Glad to meet some @HillaryClinton supporters! #SemST,Hillary Clinton,FAVOR
Hillary's New Campaign slogan is:  HILLARY - NOTHING TO HIDE BUT THE TRUTH!  #tcot #WakeUpAmerica #SemST,Hillary Clinton,AGAINST
Do you know what would REALLY PISS .@HillaryClinton OFF?  .@VP .@JoeBiden runs against her. LMAO!   #WakeUpAmerica No longer is #SemST,Hillary Clinton,AGAINST
The kind of Gov that Liberals promise you can only be achieved and sustained with a Conservative Government.   #HeatWave #tcot #SemST,Hillary Clinton,AGAINST
"YAAAS, Hillary! @TsarRhys wins best dressed here at the #Merrimack 4th of July parade! #HillaryforNH #SemST",Hillary Clinton,AGAINST
@ProBirdRights: I do a stump speech. It on the stump in the park. attendance mandatory. #SemST,Hillary Clinton,NONE
"I support Bernie on account USA needs a new direction but, if he loses in primary ,I'll support Hillary Clinton. #Sanders2016 #SemST",Hillary Clinton,AGAINST
"@redsteeze:  Broke, as in Dead broke"" Elitist Nauseating Get behind the rope  Hateful Arrogant Z Ideologue  Someone else add Z. #SemST",Hillary Clinton,AGAINST
Whatever is the GOP going to do now with both marriage equality and the ACA? Going to be fun to watch! #SemST,Hillary Clinton,NONE
"So glad @ChrisChristie has announced his candidacy - fits right in with all the other ""qualifies"" republicans on the list. #SemST",Hillary Clinton,AGAINST
Lol why do so many people around here hate Hillary?  #SemST,Hillary Clinton,FAVOR
@Logan_RTW I agree with her previous stance; and I'm sure she still believes in what was said before. #SemST,Hillary Clinton,AGAINST
Win with the Blacks. Put some of your focus on the racial tension between Blacks and Whites. #SemST,Hillary Clinton,AGAINST
Getting another @HillaryClinton bumper sticker because #LoveWins and 2 just wasn't enough #SemST,Hillary Clinton,FAVOR
"Sorry, Hillary's new normal folk image doesn't take away from Behgnazi & her 0 foreign policy successes as Secretary of State.",Hillary Clinton,AGAINST
"@HillaryClinton More lies and hypocrisy. As senator of NY, you clearly said you were opposed to gay marriage. #SemST",Hillary Clinton,AGAINST
@gerfingerpoken2 #hillary is most likely a felon many times over but has been protected by the political class. #SemST,Hillary Clinton,AGAINST
@Slate This is why Rand Paul will never be POTUS. #BaltimoreUprising #SemST,Hillary Clinton,NONE
@HillaryClinton Pretty sure you're gonna lose out on a lot of hypocritical #Christian votes by pretending to care about #LGBT #SemST,Hillary Clinton,AGAINST
@johnpodesta @HillaryClinton awesome every true chef needs this.. Go Hillary #SemST,Hillary Clinton,AGAINST
"Gay marriage is a minor setback for Fox News. Tune in for a full collapse on November 8, 2016. Lots of tears and broken hearts. #SemST",Hillary Clinton,NONE
"Because I'm against common core, common crooks and common lies! #NoHillary2016 #StopHillaryClinton2016 #WhyImNotVotingForHillary #SemST",Hillary Clinton,AGAINST
"@CidEloisa @DiggingLamb Thank you so much for RTs and FAVs, Eloisa and Thomas!!! #WakeUpAmerica #SemST",Hillary Clinton,NONE
@HillaryClinton End lawless #ClintonFoundation. Jail Butcher of #Benghazi. #Arrest rapist #BillClinton. #HillaryClinton,Hillary Clinton,AGAINST
@POTUS I want you to President for a 3rd term!!! Please make it happen LOL! I'm fine with #SemST,Hillary Clinton,AGAINST
"Respect FOR the law and respect BY the law Yes, needed desperately.  #BaltimoreRiots",Hillary Clinton,NONE
"Pundits say Jim Webb facing uphill battle with Hillary.  Really, it's with Bernie for the anti-Hillary vote.  #JimWebb #SemST",Hillary Clinton,AGAINST
@CoachDLG515 @Retired36 I'm glad that you will now slice all round.  #SemST,Hillary Clinton,AGAINST
Federal gov't social spending 61% of budget. Federal gov't defense spending 22% of budget. Something is definitely wrong here. #SemST,Hillary Clinton,NONE
This is not her first time at the rodeo!  @HillaryClinton doesn't care who likes her or not This woman is on a mission #Tough #SemST,Hillary Clinton,FAVOR
I don't want to be appointed to an Ambassador post.,Hillary Clinton,NONE
If I ever meet Hillary Clinton I will have died and then come back to life b/c I will be so happy #idol #SemST,Hillary Clinton,FAVOR
"#WonderWoman movie, #TheMuppets TV show, #StarWarsVII, #MarriageEquaility #Obama. I guess I can leave social media now. Oh wait #SemST",Hillary Clinton,NONE
@CorrectRecord is quite obsessed with emails and transparency. Why did Hillary Clinton destroy her emails? #clintonemail #SemST,Hillary Clinton,AGAINST
@46drhouse - Be interesting to see how Hillary defends same when questioned.  She will eventually have to answer questions. #SemST,Hillary Clinton,AGAINST
@PolitiBunny @Seja75 @hubbit @HillaryClinton I'm voting in the Democrat primary this year...to support @BernieSanders.  #SemST,Hillary Clinton,AGAINST
I will be there when your little tree has run out of smell. #ThatChampion #SemST,Hillary Clinton,NONE
Amazing turnout @TheCenterLV . Emotional crowd. RT if agree love wins. #FellowsNV  #SemST,Hillary Clinton,NONE
Republican donors have numerous candidates to put their money on. Dems basically have one. We're gonna get killed financially. #SemST,Hillary Clinton,AGAINST
Great that @HillaryClinton attended #ClementaPinckney 's funeral today!! #SemST,Hillary Clinton,FAVOR
Hillary is our best choice if we truly want to continue being a progressive nation. #Ohio,Hillary Clinton,FAVOR
Low key it would be interesting to have a female president. #SemST,Hillary Clinton,FAVOR
"It's good that after 30 years in public service (with zero accomplishments), Hillary is finally ready 2 serve the public! Lolol #SemST",Hillary Clinton,AGAINST
@HillaryClinton @WomenintheWorld we need to re-establish a #global system dominated by love and affection have #moral_humane RT,Hillary Clinton,FAVOR
I just want my dog to stop eating the trash #SemST,Hillary Clinton,NONE
@foxandfriends How could we support it if it was secret??? #NoHillary2016 #SemST,Hillary Clinton,AGAINST
Great convo last night w/ @schoolbus_soul & @zaksteib Great connections in #Waverly & on my #turf! #FellowsIA #CommitToCaucus #SemST,Hillary Clinton,NONE
"@HillaryClinton lied about the cost of the gala, she was fined for it, but if it were @GOP they'd be in jail  Unfit for office  #SemST",Hillary Clinton,AGAINST
"Dick Morris: @HillaryClinton is ""fundamentally corrupt"". He should know! #copolitics  #wcs15 #SemST",Hillary Clinton,AGAINST
"@GOP Obamacare stays and the Confederate flag goes. You guys have had quite the shitty week, haven't you? #SemST",Hillary Clinton,NONE
@NumbersMuncher @HillaryClinton She's the animal!! She's also a sellout!!! Ppl that vote for her are sellouts!! #NoHillary2016 #SemST,Hillary Clinton,AGAINST
#Obama administration lies again.. Knew of #HillaryEmails being private.. transparency???? #SemST,Hillary Clinton,AGAINST
When you fav supports the wrong candidate  (@ladygaga)  #Bernie2016 #SemST,Hillary Clinton,NONE
@CBSThisMorning Emails missing and incomplete? Who'd of thunk it?  I'M ABOVE THE LAW and the rest of you peons! JUST TRUST ME! #SemST,Hillary Clinton,AGAINST
"#WhyImNotVotingForHillary she calls education a ""non-family enterprise"" #ImCommitted2DefeatHillary Are you? #ncpol @GOP #SemST",Hillary Clinton,AGAINST
Remember back when #CrackerBarrel gave in 2 #PoliticalCorrectness over #DuckDynasty ? #Wakeup #NASCAR  b4 it's to late  #tcot #SemST,Hillary Clinton,NONE
@theblaze  Heaven forbid anyone invade the space of the Queen of Lies. -_- #SemST,Hillary Clinton,AGAINST
I'm really excited for 2016 after finding out the amount @HillaryClinton raised. We got this. #SemST,Hillary Clinton,AGAINST
@BarackObama thanks for selling out all the workers who voted for you for pushing FastTrack #sellout #SemST,Hillary Clinton,NONE
#CPC thinks they can run antisocial personal attack advertising on #socialmedia! LOL! #cdnpoli #StopHarper #FeelTheBern #fnpoli #SemST,Hillary Clinton,NONE
.@FoxNews @brithume ok.. So where are these emails coming from? Didnt @HillaryClinton already say the server was erased? #LIES #SemST,Hillary Clinton,AGAINST
@AnitaFinlay @politico Hillary's doing the right thing -- staying focus on her campaign. #SemST,Hillary Clinton,FAVOR
"@megynkelly anytime a liberal throws around words like ""truth is"" or ""reality is"" you know they're about to LIE! #SemST",Hillary Clinton,NONE
If I get killed. Thank @realDonaldTrump . I was tweeting mad crap about him.  I don't take it back. #SemST,Hillary Clinton,NONE
Since #SNL ain't that funny anymore please @JoeBiden run for president.. if even just for the hilarious debates between you & #SemST,Hillary Clinton,AGAINST
@NBCNews including repealing the first amendment. Way to go,Hillary Clinton,AGAINST
2016 is going to be a great year. Rush Limbaugh's contract is over and he will be dropped by so many. Liberal victory #stoprush #SemST,Hillary Clinton,NONE
"All Americans have value to our society, it's called a vote. #LiberalLogic    #InternationalJokeDay #SemST",Hillary Clinton,AGAINST
"We're out here in G-town, and where are you  #sctweets #SemST",Hillary Clinton,NONE
"RT @AnthonyCumia: If Hillary IS elected, I have my transition team together to smoothly move me from a racist to a sexist.",Hillary Clinton,AGAINST
Very excited to hear Sen. Klobuchar speak today! #SemST,Hillary Clinton,NONE
"White, middle-aged men did a pretty good job leading this Country for 230 yrs. Racist? Sexist? No, I'm a realist. #SemST",Hillary Clinton,AGAINST
Hillary Clinton for Ambassador to ISIS. #SemST,Hillary Clinton,AGAINST
@jhewitt1280 @SpeakerBoehner @HouseBenghazi @TGowdySC What her emails? They released the rest all very boring. #SemST,Hillary Clinton,AGAINST
"take faith that almost every political entity around you, whether dissident or not, serves no good purpose #Dempublicans #SemST",Hillary Clinton,AGAINST
@HuffPostPol If @HillaryClinton can do half of what he did then she would be doing is a favor #SemST,Hillary Clinton,FAVOR
@rebeccalipson  #freedom_justice_equality_education for innovation and development to make #happy_life i Utopia #SemST,Hillary Clinton,NONE
So you're used to the @AP calling for your approval before running a story @davidaxelrod?   #LikeHillary #HillaryEmails #SemST,Hillary Clinton,AGAINST
I'm still so happy my voter ID came in the mail  #SemST,Hillary Clinton,NONE
"Although I certainly have disagreements, after reading about @GovernorOMalley I much rather have him than @HillaryClinton. #SemST",Hillary Clinton,AGAINST
"HillaryClinton Next up for legalization: Your pet goat, or your #pedophile neighbor 'dating' the 9 year old next door.. #SemST",Hillary Clinton,AGAINST
Thanks @izzybugatti for participating! WE are lucky to have YOU here in Iowa. #FellowsIA #SemST,Hillary Clinton,NONE
@WestonMartinez @crazytas62 Cruz needs to autograph bomb #SemST,Hillary Clinton,NONE
@TIMENOUT Is there anything about the Clintons that is not fraudulent? #SemST,Hillary Clinton,AGAINST
"March 8, 2016 Ohio is holding our Primaries! The date is subject to change. #Ohio #OurChampion",Hillary Clinton,NONE
@LaneLewis Thanks for the follow! #TheHRCSuperVols for #SemST,Hillary Clinton,NONE
"Hillary must have been at the Navy Yard, under sniper fire!  #SemST",Hillary Clinton,AGAINST
"The owner of Univisin, donated as much as $25 million to the Clinton Foundation, his wife sits on its board #Univision #Trump #SemST",Hillary Clinton,AGAINST
297 days until I can register to vote!!1 year 193 days until Election Day #RockTheVote #democrats #everyvotecounts #SemST,Hillary Clinton,FAVOR
@KoriWasinger @JButtawipo she also voted for the Iraq war and was responsible for gathering @TheDemocrats votes to support it. #SemST,Hillary Clinton,AGAINST
.@EthanObama I know - it's just going to be a long year! #SemST,Hillary Clinton,NONE
@HomeOfUncleSam @ScotsFyre @RWNutjob1 @SA_Hartdegen She's too old to understand the internet...that she can be fact checked.,Hillary Clinton,AGAINST
@NBCNews Stop promoting @HillaryClinton. She is a liar. Just like her impeached husband. #WakeUpAmerica ,Hillary Clinton,AGAINST
RT @FutureTXLeader: Are y'all #TexasTech #RedRaiders ready for #MarcoRubio in #2016 #TTU #TexasTechUniversity #Rubio #Texas #N... #SemST,Hillary Clinton,AGAINST
Fabulous @HillaryClinton ! You hit on every subject and I am proud of you ending on a note of kindness. #HillaryInNH #SemST,Hillary Clinton,FAVOR
SLOWLY SLOWLY THE DEBT CRISIS WILL IMPLODE NATIONS CURRENCY #AmericaDeadBrokeSAVE THE DOLLAR NOW #SemST,Hillary Clinton,NONE
@chicagotribune #ayyylmao do #Democrats & other #liberals realize no one wants #HillaryClinton which is #Obamanation 2.0? #SemST,Hillary Clinton,AGAINST
EVERYDAY AMERICANS AND THEIR FAMILIES NEED A CHAMPION AND HILLARY WILL BE THAT CHAMPION.   #SemST,Hillary Clinton,FAVOR
#HillaryInNH is like Adolph Hitler in a Synagogue.   #tcot #uniteblue #ctot #SemST,Hillary Clinton,AGAINST
Hillary is killing it so far on the trail. She's finally showing her personal side and I think it will benefit her profoundly. #SemST,Hillary Clinton,FAVOR
"#HillaryDebateQuestion So you profess admiration for #MargaretSanger who wanted to rid the country of ""negros"". Explain please? #SemST",Hillary Clinton,AGAINST
Join the Twitter movement! RT or fav for a mention or follow back! #SemST,Hillary Clinton,NONE
@frodofied SO? THt will NEVER erase their support of DOMA & silence on #LGBT #LGBTQ rights until it is politically aventageous. #SemST,Hillary Clinton,AGAINST
Great comments by @MittRomney about pathological liar #HillaryClinton . #SemST,Hillary Clinton,AGAINST
RT @hale_razor:#HillaryAccomplishments 1 of select few people fired 4 being 2 unethical 2 investigate Watergate #SemST,Hillary Clinton,AGAINST
"#Obama is riding high!! #ObamaCare #LoveWins #Republicans tearing out their hair, whatever is left of it ..Next is #SCOTUS #SemST",Hillary Clinton,NONE
I'm going to apply for the Intern job #SemST,Hillary Clinton,NONE
How anyone can believe a single word that comes out of that woman's mouth is beyond me... #SemST,Hillary Clinton,AGAINST
@Molls30 @HillaryClinton I love it! One of our biggest donors is Saudi Arabia. They support women's rights completely! #GoTeam #SemST,Hillary Clinton,AGAINST
@HillaryClinton You Flip/Flopped on the Gay marriage issue; must be more votes available with your current view? #SemST,Hillary Clinton,AGAINST
My how times have changed: @MartinOMalley has focused his attacks on @BernieSanders not @HillaryClinton #SemST,Hillary Clinton,NONE
@CBSThisMorning Bernie Sanders had record crowds in Madison wis why no mention from you guys you talked about trump #Trump #SemST,Hillary Clinton,NONE
Students of #BaylorUniversity are y'all ready for #MarcoRubio in #2016 #BU #Baylor #Bears #BaylorBears #NewAmericanCentury #GOP #SemST,Hillary Clinton,AGAINST
Hillary Clinton vs. Bernie Sanders primary will be like the brawl over applesauce at the retirement home. #ReadyForHillary #SemST,Hillary Clinton,FAVOR
#AskBobby would you blame an obscure film maker for the death of #USAmbassador in #Benghazi like #SemST,Hillary Clinton,AGAINST
Those aren't pantsuits. They are camouflage outfits carefully tailored to minimize silhouette. Think stealthsuits.Very high tech. #SemST,Hillary Clinton,AGAINST
@GREG61032 @CarmineZozzora @Ash_Bell__  perfect definition of JIBBERISH  #UniteBlue #SemST,Hillary Clinton,NONE
Ding Dong ____ _____ __ ____ #SemST,Hillary Clinton,NONE
"Bernie or Hillary? Prefer Bernie but Hillary fine. Either way, Dems gotta stand together in 2016. #FeeltheBern #SemST",Hillary Clinton,FAVOR
@lindasuhler : My name is Rebecca and my grandmother immigrated to Sunnybrook Farm. @twitchyteam,Hillary Clinton,NONE
"@JessieJaneDuff Results matter. U may feel less safe, but that is ur mental health issues. No 9/11s on Obama's watch #SemST",Hillary Clinton,AGAINST
@HillaryClinton loving the new colorful profile pic! #loveit #SemST,Hillary Clinton,FAVOR
"The Democrats are not creating Al QAEDA, they are creating A NUCLEAR ISIS.  THINK ABOUT THAT.  #SemST",Hillary Clinton,AGAINST
@roughcountry451 @vendettajane Fortunately Bryan he does not have a saying on that  #freeallfour #SemST,Hillary Clinton,AGAINST
"Sen. Kaine (D-VA) on #SCOTUSMarriage: ""What a great victory! #SemST",Hillary Clinton,NONE
Thank you for your kind RTs and FAVs @pamnsc !!! #WakeUpAmerica #todosmarchamos #Cuba #SemST,Hillary Clinton,AGAINST
I'm proud to announce I support #HillaryClinton!!!! #SemST,Hillary Clinton,FAVOR
@oreillyfactor Who gives a rate ass what a Old Queen has to say about Clarence Thomas? #SemST,Hillary Clinton,NONE
"What are you afraid of @HillaryClinton? If you can't answer questions from the press, why do we want you as POTUS",Hillary Clinton,AGAINST
@ChelseaClinton @HRC Do you stand for #BillClinton assaulting teen girls too? #ReadyForHillary #HillaryClinton #Clinton2016 #SemST,Hillary Clinton,AGAINST
"@WoodenThreat @ProudInfidel33 ""@HillaryClinton can't even manage @billclinton and she wants to be @POTUS"" #lol #SemST",Hillary Clinton,AGAINST
@Debber66 @andersonDrLJA She will be a  #CenterHitler. #SemST,Hillary Clinton,AGAINST
@PhxKen Shocked she didn't burst into flames! #WakeUpAmerica #makeAmericaGreatAgain #SemST,Hillary Clinton,AGAINST
I want to go back in time to when men and women couldn't appear in the same yearbook as each other #old school #SemST,Hillary Clinton,NONE
"A Black President,Healthcare 4 all, Marriage Equality...what's next?..a Woman President?!Damn RIGHT! #SCOTUS #MarriageEquality #SemST",Hillary Clinton,FAVOR
It's official. Every single #GOP member is now a candidate for #POTUS. Who needs #leadership when you have a #soapbox? #SemST,Hillary Clinton,AGAINST
"@politico  ""@HillaryClinton can't even manage @billclinton and she wants to be @POTUS"" #lol #WakeUpAmerica #StopHillary2016 #SemST",Hillary Clinton,AGAINST
@therealjenappel IM HIGH ON HASHTAGS RIGHT NOW I CANT HELP MYSELF #mypresident #SemST,Hillary Clinton,NONE
Let's shatter the glass ceiling! - @GerryConnolly #VAdems #SemST,Hillary Clinton,NONE
Let's bring prosperity to the line workers & to the kindergarten teachers!!!- @amyklobuchar #inspiredbyhillary #SemST,Hillary Clinton,FAVOR
My liberty depends on you being free too. President Obama #SemST,Hillary Clinton,NONE
How can we expect u to make good financial decisions for the US if u can't manage ur own multimillion $ salary so ur not broke #SemST,Hillary Clinton,AGAINST
"Only in a SEXIST AS FUK world would we question the ""qualifications"" of a former SECRETARY OF STATE. #SemST",Hillary Clinton,FAVOR
@marymorientes Love it. It happens in my world too! #SemST,Hillary Clinton,NONE
Lets remember #dickcheney is an unindicted war criminal b4 we start yelling #Benghazi day after day. Will we ever see justice? #SemST,Hillary Clinton,NONE
"Always aim high,work hard, & care deeply about what U believe in...when U stumble, keep faith. HILLARY CLINTON @Faith4Hillary #SemST",Hillary Clinton,FAVOR
"@nytimes was that ""awkwardness"" or ""awfulness""? I think the latter #SemST",Hillary Clinton,AGAINST
Hillary doesn't want to put anyone in prison anymore. Obviously worried about her own future.,Hillary Clinton,AGAINST
@smileitsalicia @greekgummybear2 now i can live in peace,Hillary Clinton,NONE
@redsteeze @maggieNYT By that time the guy with #Benghazi sign will be arrested. #SemST,Hillary Clinton,AGAINST
"Apparently, @BernieSanders fans don't like to see Hillary's name even implied.  #SheWhoShallNotBeNamedBecauseShesWinning #SemST",Hillary Clinton,FAVOR
"@kin2souls @sunbeltgirl @ChristiChat ""@HillaryClinton can't even manage @billclinton and she wants to be @POTUS"" #lol #SemST",Hillary Clinton,AGAINST
@Ba68scgal The guy w/ the #Benghazi sign has guts Loveit #NoHillary2016 #SemST,Hillary Clinton,AGAINST
"#CarlyFiorina on #hannity, very impressive. A serious presidential candidate vs. A bad actress. #SemST",Hillary Clinton,AGAINST
Insurgent. What will happen if Hillary becomes dictator in chief. #SemST,Hillary Clinton,AGAINST
"@VRWCTexan WOW, she's one to talk #SemST",Hillary Clinton,AGAINST
.@HillaryClinton is a droid & someone's programmed her to say things - thinks she doesn't have to WORK to win so she ISN'T!,Hillary Clinton,AGAINST
"The Dukes of Hazzard has been on tv for 36 years, yet you weren't offended until the #liberals told you to be.  #unitedblue #SemST",Hillary Clinton,AGAINST
@LifeNewsHQ tolerance at its best! Do as I say not as I do #SemST,Hillary Clinton,NONE
It's more than mistakes...with #HillaryClinton lying and cover-ups are a way of life. @NormanSie @n2toom  #tcot #uniteblue #SemST,Hillary Clinton,AGAINST
Where's the campaign store is the real question? I am ready to buy some Hillary gear,Hillary Clinton,FAVOR
#AskBobby Do you think #HillaryClinton has turned over all of those emails on her private server she destroyed! #SemST,Hillary Clinton,AGAINST
"@HillaryforIA come on, Iowa! For better USA and the ROW #SemST",Hillary Clinton,FAVOR
@JusticeWillett at least he has a platform #SemST,Hillary Clinton,NONE
Would that the rest of #us were able to escape from #Clinton as well #ClintonCorrectional #HillaryClinton #escapeClinton #SemST,Hillary Clinton,AGAINST
BIG BOOTY BITCHES BIG BIG BOOTY BITCHES #SemST,Hillary Clinton,AGAINST
@thehill @evanperez are you kidding me...leave her to focus on issues...the next prez #SemST,Hillary Clinton,FAVOR
U Missouri at KC got Chelsea caus Hils cost too much. Chels could arrive w/ mom - no xtra charge. @HillaryClinton #SemST,Hillary Clinton,AGAINST
RT @putterrod: @IngrahamAngle Republicans everywhere are looking for someone to lead. A leader not a liar. #SemST,Hillary Clinton,AGAINST
Will the media ever get real with Hillary? #2016 #Benghazi #Clinton #SemST,Hillary Clinton,AGAINST
I think I'll take @JebBush over @BobbyJindal now.. and that is scary to say.  #badchristianvalues #SemST,Hillary Clinton,NONE
"If you cant dazzle them with brilliance, baffle them with bullshit. #HillaryClinton #libstardsareidiots #SemST",Hillary Clinton,AGAINST
@HillaryClinton is opening 10 more offices in Iowa this week.  She's not playing around! #iacaucus #SemST,Hillary Clinton,AGAINST
"Nothing says ""I'm Every Woman"" like 10 Democrat staffers in a machine shop in #Iowa right @HillaryClinton? #NotReadyForHillary #SemST",Hillary Clinton,AGAINST
@ReCorwin She didn't even answer with a complete sentence LOL. #Legend #SemST,Hillary Clinton,NONE
#hillaryclinton is a champion of data removal. #SemST,Hillary Clinton,AGAINST
"I am a big HILLARY Clinton supporter. My plan is working, poor Donnie doesn't even know. #Trump2016 #SemST",Hillary Clinton,AGAINST
Does Hillary really need to run this country? Could we just make her president of the Bingo club at Shady Pines?  #tcot #p2 #SemST,Hillary Clinton,AGAINST
Bill Clinton just wants to be the first dude to be President and bang one. #SemST,Hillary Clinton,NONE
WHO'S READY FOR A DAY OF ACTION?! I know I am! #FellowsSC #SemST,Hillary Clinton,NONE
"@ARForHillary @HillaryClinton @HillaryIn2016 So proud of you! Soon, we will show who we really are. Keep up the good work! #SemST",Hillary Clinton,FAVOR
"It's time that we move from good words 2 good works, from sound bites 2 sound solutions HILLARY CLINTON #HillaryClinton #SemST",Hillary Clinton,FAVOR
"If Hillary will lock Americans in classrooms during her campaign, she'll have no problems locking us all up whenever she wants. #SemST",Hillary Clinton,AGAINST
Marriage equality a constitutional right! Woot #HRC2016 #hillaryclinton #readyforhillary #vote #hillaryfor2016 ##mpotus #SemST,Hillary Clinton,FAVOR
Hillary Clinton makes Nixon look like an amateur schoolboy #ClintonCash #ClintonFoundation #Clinton #SemST,Hillary Clinton,AGAINST
"@koolkat14215 Haha, I LOVE your header! #SemST",Hillary Clinton,NONE
@businessinsider One thing that's painful is the mindless minutiae her strap hanging cling-ons force her to endure. #huma #SemST,Hillary Clinton,AGAINST
The guy in the multicolored shirt looks chi as fuck. #SemST,Hillary Clinton,AGAINST
RT .@ChuckNellis  .@HillaryClinton name change; it's no longer HRC it's now Hillary Uranium #Benghazi Clinton. Take note. #SemST,Hillary Clinton,AGAINST
"Now that #Hillary is raising money like an incumbent president, can we stop pretending that she won't be the nominee? #SemST",Hillary Clinton,AGAINST
Come visit me at the Jefferson County Fair! Representative Curt Hanson will tell a joke and I'll tell a story about why vote #SemST,Hillary Clinton,NONE
@HillaryClinton Hillary pandering with her logo. #ClintonFoundationscandal #ClintonCash,Hillary Clinton,AGAINST
"THEYRE NOT ""THUGS""  YOU #TEAPARTY RACISTS THEY ARE ""COMMUNITY REORGANIZERS"" !! #TCOT #baltimoreriots #SemST",Hillary Clinton,NONE
"@TrucksHorsesDog  #CommonCore , another brilliant idea supported by a #bush.  #nomorebushes  #SemST",Hillary Clinton,AGAINST
"Hillary LIES, yet people still desire her as the President of the United States. #sad #SemST",Hillary Clinton,AGAINST
Hillary Clinton might end up having my vote. She's been tackling so many issues that America needs to face. #SemST,Hillary Clinton,FAVOR
@tedcruz won't be there. I'm supporting @HillaryClinton for President. #lgbtrights #ACAWorks #SemST,Hillary Clinton,FAVOR
You know emailgate must be going nowhere when Fox News are hashing out the Bosnia 'sniper fire' story again. #SemST,Hillary Clinton,AGAINST
"#Putin, #NothingMoreAmericanThan voting based for a politician to lead the country when she can't even handle email. #think #SemST",Hillary Clinton,AGAINST
@thehill all the more reason to vote #Democrat in 2016. #ACAworks #GetMoneyOut #RestoreTheVRA #Bernie2016 #waronpoverty #SemST,Hillary Clinton,FAVOR
2 million bogus followers on Twitter @HillaryClinton #WhyImNotVotingForHillary,Hillary Clinton,AGAINST
@FoundersGirl @Artist_Angie I want the first female to be competent. #SemST,Hillary Clinton,AGAINST
"@hughhewitt like I tweeted you way back when, #ACA software can be fixed , but GOP strategic mistake of 'repeal' can't be fixed #SemST",Hillary Clinton,AGAINST
Human rights are women's rights and women's rights are human rights. - Hillary Clinton #SemST,Hillary Clinton,FAVOR
@awadgolf @Crossbearer1956 @ScottSaxman1 This is why I'm not voting for Hillary #SemST,Hillary Clinton,AGAINST
"This Friday is, officially, Political Incorrectness day! All day say whatever you want and offend everyone! Yay! #tcot #2A #PC  #SemST",Hillary Clinton,NONE
I just gave an unhealthy amount of my hard-earned money away to the big gov't & untrustworthy IRS. #WhyImNotVotingForHillary,Hillary Clinton,AGAINST
Excited to be working with some great #FellowsSC this summer. They're some pretty great people that are fired up for #LetsGo #SemST,Hillary Clinton,NONE
My vote is definitely for Hillary. I don't want Bush's dumb ass. Don't want Trump either.  #HillaryClinton #SemST,Hillary Clinton,FAVOR
Breaking News: #Hillary trades campaign bus for a broomstick. #SemST,Hillary Clinton,AGAINST
"@HillaryClinton Your treatment of the press, Amb Stevens' fam, and the intel of the American ppl is enough to send you to jail #SemST",Hillary Clinton,AGAINST
@tedcruz @IamTheWindowMan  GET OUT OF MY STATE YOU BUM! #UniteBlue  #SemST,Hillary Clinton,NONE
"@vendettajane Thanks for the follow, may God bless you and your family !  #freeallfour #SemST",Hillary Clinton,AGAINST
"@HillaryClinton bad wife, bad role model for women, bad lawyer, bad First Lady, bad Senator, horrible Secretary of State.",Hillary Clinton,AGAINST
@vacanti @samglover Maybe a woman should be President.  #SemST,Hillary Clinton,FAVOR
Lets take back our country! Whos with me? No more Democrats!2016,Hillary Clinton,AGAINST
@HillaryClinton I'd ask #HillaryClinton to stop lying about #Benghazi & #ClintonFoundation ties to #terrorist #muslim #ISIS. #SemST,Hillary Clinton,AGAINST
CEO pay the target for 2016 election. From someone who makes more than most CEO's but you drank the Kool-Aid.,Hillary Clinton,NONE
"@theblaze gee,  what a busy schedule she had. #SemST",Hillary Clinton,AGAINST
@AlyssSmithh There she is pant suite Hillary to hide those thighs #HillarysDonors #HillarysBigAnnouncement #Benghazi #Obama #SemST,Hillary Clinton,AGAINST
@FoxNews #HappeningNow optics problem? No the real Hillary Clinton has stood up #ClintonCash #IaVotes #SemST,Hillary Clinton,AGAINST
I suspect Hillary's Scooby Doo tour is being used as a distraction from ServerGate et al.  #NoObamaThirdTerm #SemST,Hillary Clinton,AGAINST
#HillarysAccomplishments Being a total clusterfuck at anything she does. #ReadyForHillary #UniteBlue #TopProg #TPOT #LibCrib #SemST,Hillary Clinton,AGAINST
@RedHatGeek Hillary's nose from lying is now bigger than Bill's cigars. #SemST,Hillary Clinton,AGAINST
"Headed to Chester, SC for a big hillary canvass! Join me. Wylie park 11-3 #SemST",Hillary Clinton,FAVOR
@realDonaldTrump is the only honest voice of the @GOP and that should scare the shit out of everyone! #SemST,Hillary Clinton,AGAINST
"Wow RT ""@greta Baltimore Orioles to play tomorrow but no public allowed"" #BaltimoreRiots #FreddieGray #ThanksObama #WakeUpAmerica #SemST",Hillary Clinton,NONE
@Ered604 welcome 2 Twitter~PROUD to be #UNITEBLUE~  #WarOnWomen  #worldpeace  #tngov #TN #socialjustice #AllLivesMatter #unity #SemST,Hillary Clinton,NONE
@washingtonpost sir sory mae bi bharat mool ka hu par my hart is for democraet and #SemST,Hillary Clinton,NONE
"Technically, a president with raging hormones could refer to estrogen, testosterone or anabolic steroids #IBlamePublicSchools #SemST",Hillary Clinton,AGAINST
Very simple: the Clinton's are corrupt. #SemST,Hillary Clinton,AGAINST
"I've made my decision, to the shock of no one probably, who I'm supporting  #SemST",Hillary Clinton,NONE
Hillary can not win. Here's hoping the Dems offer a real candidate like Warren. #Warren2016,Hillary Clinton,AGAINST
@HlLLARY @ToniforAsm Hillary for Prez = Obama's third term and that's the last thing we need!! #SemST,Hillary Clinton,AGAINST
@JohnKerry @BALWANIKAPIL @HillaryClinton @StateDept @tomperriello  I didn't realize #PayToPlayDiplomacy was such a big hit!  #SemST,Hillary Clinton,AGAINST
@HillaryClinton Especially the paid union lackies who have no idea why their there. Propaganda machine spinning overtime. #SemST,Hillary Clinton,AGAINST
@foxnewspolitics NOT EVEN A LITTLE BIT!!! #Nobama #WeMissYouGipper #SemST,Hillary Clinton,NONE
@ZekeJMiller @BretBaier @danmericaCNN  How could anyone vote for that woman?  #SemST,Hillary Clinton,AGAINST
marijuana? marijuaage equality?? coincidence i think nOT!!11! #SemST,Hillary Clinton,NONE
@PortiaABoulger Thank you for adding me to your list,Hillary Clinton,NONE
I always joke about anything political bc if I were serious I'd end up offending people and not realize it. #SemST,Hillary Clinton,NONE
@lbush34 @HillaryClinton just defending my girl Hillary! #SemST,Hillary Clinton,FAVOR
My mom just told me she and my aunt want to volunteer on @HillaryClinton's campaign! I support it! #SemST,Hillary Clinton,FAVOR
@TX_1 @politicalmath Then you know how slippery snakes slither over shards of glass! #SemST,Hillary Clinton,NONE
I dreamt about Hilary Clinton last night. Does this mean her plans to control us and take over the world are coming true? #SemST,Hillary Clinton,AGAINST
It's what's best for business and presidential seat for #HillaryClinton  #SemST,Hillary Clinton,AGAINST
"@senna1 @KirillWasHere how many men are getting their dicks sucked daily in congress, etc and no one gives a shit... #SemST",Hillary Clinton,NONE
@HillaryClinton Did you feel same about #BillClinton's latest assault of teen girl? #hypocrite #HillaryClinton #Hillary_2016_NO #SemST,Hillary Clinton,AGAINST
@JOEL5H @wonderfullone @Bipartisanism I hear the Peter Gunn theme. She's going to kick some serious GOP ass. #SemST,Hillary Clinton,AGAINST
Fashion News: Hillary has a new clothing line coming out called Flip Flops R US   #tcot #Benghazi #SemST,Hillary Clinton,AGAINST
"Hilary has lied, deleted Benghazi emails, and betrayed the trust of Americans scandal after scandal. #SemST",Hillary Clinton,AGAINST
"Also the $400,000 ""speaking fees"" #Hillary took from Goldman Sachs for two ""speeches."" @Joan_Vennochi #SemST",Hillary Clinton,AGAINST
As late as 2013 #HillaryClinton opposed marriage equality. #SemST,Hillary Clinton,AGAINST
".@HillaryClinton The spatula seems appropriate, given that it can be used to easily flip positions if the heat gets to high. #SemST",Hillary Clinton,AGAINST
"@Network_Citizen @ProudInfidel33 @YoungBLKRepub ""@HillaryClinton can't even manage @billclinton and she wants to be @POTUS"" #lol #SemST",Hillary Clinton,AGAINST
@Xxoax @HillaryClinton @MaryMorientes   @BarackObama The whole #world is supporting you. #SemST,Hillary Clinton,FAVOR
'Hillary-speak' campaign rhetoric is going to be the death of me. @jmarkwalk #SemST,Hillary Clinton,AGAINST
Today's number is 8! That's how many years old Jesus was when he learned to ride a bike!  Pretty cool dude! #USWNT #proudmom #SemST,Hillary Clinton,AGAINST
@AutumnNAlston @JonathanDKF @_sarah_babb_ @McCollumMike @HillaryClinton @HillaryforSC Inaugural tweet from our new account! Go #SemST,Hillary Clinton,AGAINST
"@HillaryClinton I wish u were in Benghazi instead of those great people, chronic liar and power hungry animal #SemST",Hillary Clinton,AGAINST
RT @Glenn_Hegar: Follow if you stand against Hillary in 2016! #SemST,Hillary Clinton,AGAINST
@pamnsc @TRPhrophet @RamblingMother Thank you for RTs!!! #WakeUpAmerica #dumpboehner #ditchmitch #SemST,Hillary Clinton,NONE
@HillaryClinton Where are the #LGBT pride condoms #BillClinton used when he assaulted #MonicaLewinsky? #HillaryClinton #tlot #SemST,Hillary Clinton,AGAINST
@randyprine @fabiaceae They know they're going to lose to HRC so they keep trying! #SemST,Hillary Clinton,FAVOR
