Tweet,Target,Stance
Follow #Patriot --> @MsMistiNichole.  Thanks for following back!!  #Truth #Liberty #Justice #ProIsrael #WakeUpAmerica #FreeAmirNow #SemST,Legalization of Abortion,NONE
The right to control one's body is not a license to kill.Youth #SemST,Legalization of Abortion,AGAINST
Can we make sure #lovewins for babies too? Or nah... #SemST,Legalization of Abortion,AGAINST
Agree choice if woman's life in danger.  But rape - does the baby deserve death for crime of his/her father? @HelpBillColeman #SemST,Legalization of Abortion,AGAINST
Findin budget compromise a 'process' #Brownback says  #income #thestate #SemST,Legalization of Abortion,NONE
We live in a world where people care more about religious rights than consent & reproductive rights....,Legalization of Abortion,FAVOR
"Pregnancy is not a crisis. It's a gift. Whether they be wanted by you or someone else, no child is unwanted. #ChooseLife #Adoption #SemST",Legalization of Abortion,AGAINST
Off to the #clinic this morning. 2015 and we still have to chase away anti-choice nutters harassing our patients. #SemST,Legalization of Abortion,FAVOR
"Canada's legal definition of ""human being"" is based on 17th century science. It's time for an update. #ProLifeYouth #cdnpoli #SemST",Legalization of Abortion,AGAINST
"#Hillary, Here's one Christian whose religion views will never ""adapt"" to include abortion. Abortion is murder. #SemST",Legalization of Abortion,AGAINST
Praise to District Court Judge Larry Hendricks for blocking that ridiculous anti-abortion law in Kansas #SemST,Legalization of Abortion,FAVOR
#bristolpalin is more proof that #abstinence only education doesn't work. Affordable access to contraception #SemST,Legalization of Abortion,NONE
#PeoplesDebate Juvenile hysterics from that woman. Killing babies is bodily autonomy? People dying of neglect but lets have #VinB #SemST,Legalization of Abortion,AGAINST
"Im against abortion & i stand by my opinion. No, its NOT just a mass of cells. #SemST",Legalization of Abortion,AGAINST
"One, we are pro life Two, a little bit louder Three, I still can't hear you  Four, more more moreYouth #SemST",Legalization of Abortion,AGAINST
I've noticed that everybody that is for Abortion has already been born-Ronald Reagan #LetthemLive #AllLivesMatter #SemST,Legalization of Abortion,AGAINST
@bethanyshondark do you mean Bristol? She was just being honest about her feelings - many can relate - hope they choose life too! #SemST,Legalization of Abortion,AGAINST
remember the gates of Hell will not prevail. #GayMarriage #SemST,Legalization of Abortion,NONE
What about the equal rights of unborn humans in which about 1% could grow up to be LGBT? @SCOTUS #LoveWins #SemST,Legalization of Abortion,AGAINST
Gay Marriage & Murdering the Unborn will always be a SIN in GODS eyes. #ccot #tcot #jesus #bible. #SemST,Legalization of Abortion,AGAINST
@HomunculusLoikm @SawyerAndrew @BryanBroome1 @jstines3 Bad analogy. The current time frame for abortion is the best compromise  #SemST,Legalization of Abortion,AGAINST
@kugrl6 good riddance to millions of black babies? I really hope I'm misunderstanding you #SemST,Legalization of Abortion,AGAINST
Do to others whatever you would have them do to you. This is the law and the prophets.  Mt 7:12  #ProLifeYouth #SemST,Legalization of Abortion,AGAINST
Bad 2 days for #Kansas Conservatives #ksleg @govsambrownback going 0-4 in courts #SCOTUSMarriage #SCOTUScare #schoolfunding #sweep #SemST,Legalization of Abortion,NONE
"RT @createdequalorg: ""We're all human, aren't we? Every human life is worth the same, and worth saving."" -J.K. Rowling #... #SemST",Legalization of Abortion,AGAINST
Way to go Mozambique.  Thank you for recognizing #Equality We should be allowed to make our own choices.  #SemST,Legalization of Abortion,AGAINST
@AMLiveNTV:  its morally wrong. Life is sacred and only the giver and its onlyHim alone that should take it#HaveYourSay is on #SemST,Legalization of Abortion,AGAINST
"Just like abortion, even though SCOTUS says gay marriage is legal doesn't make it moral. #SCOTUSMarriage #FreedomOfReligion #SemST",Legalization of Abortion,AGAINST
Follow #Patriot --> @Enuffis2Much.  Thanks for following back!!  #Truth #Liberty #Justice #ProIsrael #WakeUpAmerica #FreeAmirNow #SemST,Legalization of Abortion,NONE
#SCOTUS blocking part of our Texas Anti-Abortion law.  Maybe we should call them the Supreme Tyrant.  #tcot #tgdn #SemST,Legalization of Abortion,AGAINST
"We all are sinners, but what right do humans have to kill another human being? Is that what God wanted us to do? #SCL #thoughts #SemST",Legalization of Abortion,AGAINST
"Preach! 'Black Sheriff Says if  #BlackLivesMatter,  They'd Protest at Abortion Clinics'. #ChooseLIFE #AllLivesMatter #SemST",Legalization of Abortion,AGAINST
EVERYONE has a right and choice of either HEAVEN or HELL. #ProMarriage #ProFaith #EternalLifeMatters #SemST,Legalization of Abortion,AGAINST
"Good morning Patriots, let us continue to Pray for this great Nation and the #UnBorn on this great day God has given us!! #ccot #SemST",Legalization of Abortion,AGAINST
"@JohnFugelsang I'm not surprised murder is legal in Israel, should be illegal in civilized countries like USA #SemST",Legalization of Abortion,AGAINST
"Any asshat ""protesting"" against @SofiaVergara is a disgrace to the entire Women's rights movement. Live and let live. #SemST",Legalization of Abortion,NONE
@helenantanova Turning it into a racial thing kek #SemST,Legalization of Abortion,AGAINST
"If 'tis not human beings in the womb, how do we harvest and transplant their organs onto human beings? #SemST",Legalization of Abortion,AGAINST
Legalized tweeting-instead-of-procreating discriminates against the unconceived child. #worstargumentever #lolanti #SemST,Legalization of Abortion,AGAINST
"@nytimes Thanks to anti-choicers, women dealing with this may also face prosecution. #SemST",Legalization of Abortion,FAVOR
"Roberts, Scalia, Alito, Thomas.  Hereinafter, "" R-SCAT "". #SCOTUS #Equality #SemST",Legalization of Abortion,NONE
What is the difference between a baby and a onion? No one cries when you chop up the baby.   Hahahahaha! Love dead babies! #Babies #SemST,Legalization of Abortion,FAVOR
"Every good Christian wants to make sure the unworthy ""those people"" don't have health insurance. Because Jesus. #RedState #tcot #SemST",Legalization of Abortion,NONE
Assaulting & manipulating pregnant people doesn't reduce #SemST,Legalization of Abortion,FAVOR
If it's getting old maybe you should stop calling embryos & fetuses babies. #SemST,Legalization of Abortion,FAVOR
"Dear #SCOTUS, now that you deemed it constitutional to ""defend the rights of ALL people,"" can we get a ruling to abolish abortion? #SemST",Legalization of Abortion,AGAINST
"Why is bacteria considered life on Mars, but a heartbeat is not considered life on earth? #heartbeat #SemST",Legalization of Abortion,AGAINST
@peiacsw please consider the status of preborn girls as the most vulnerable women in society. #peivotes #SemST,Legalization of Abortion,AGAINST
RT @AdvocatesOfLife: RT @ProLifeYouth Adopting a child shouldn't cost more than aborting one.   #adoptionclini... #SemST,Legalization of Abortion,AGAINST
"@ErikLoomis You're a historian? Of what , malice? Your hatred of her child is astonishing. #palin #SemST",Legalization of Abortion,NONE
"I don't plan on ever having an abortion, but here's the thing ...I don't think anyone ever PLANS on it. #SemST",Legalization of Abortion,FAVOR
lifeboatcoffee Thanks for the follow! Done with SB and other companies on the left. All about #1M1W #CCOT #SemST,Legalization of Abortion,NONE
ALSO what the fuck gives a man the right to tell a woman what to do with her body? If she wants to get an abortion so be it Texas. #SemST,Legalization of Abortion,FAVOR
You know what's best for you You know what's best for your happiness You know what's best for your well being #SemST,Legalization of Abortion,FAVOR
They haven't eliminated #murder. They just call it by a different #name. #prolifeyouth #prolifegen #SemST,Legalization of Abortion,AGAINST
"Messed up: Being outraged that it's legal to distribute images of abortion, but being fine with abortion being legal. #No2Trudeau #SemST",Legalization of Abortion,AGAINST
There's an undeniable inverse correlation between women's right to choose and crime rates #womensrights #SemST,Legalization of Abortion,FAVOR
#Prolife laws kill women. Real #feminists are #prochoice. Calling us #feminazi? Because of course you have no arguments. #fem2 #SemST,Legalization of Abortion,AGAINST
"@GregAbbott_TX when did God define anything? Right, you are just a bigot trying to stick to your closed-minded agenda. #bigot #SemST",Legalization of Abortion,NONE
Can we get a law for the little ones who can't even speak for themselves? #ProLifeYouth #EVERYLIFEMATTERS #gay #straight #baby #SemST,Legalization of Abortion,AGAINST
@k8write95: 1/3 of my generation is missing. And it can't be changed. But we can change the future.   #ProLifeYouth #SemST,Legalization of Abortion,AGAINST
RT @Esmerald_Kiczek: Children are the greatest blessing which God has bestowed on man and woman. -Pope Francis #SemST,Legalization of Abortion,AGAINST
A #person's value is not determined by his #size. #prolifegen #prolifeyouth #SemST,Legalization of Abortion,AGAINST
"@RedAlert -there should be a ""stigma"" to butchering pre-born children - its a horrendous crime against humanity.  #murder",Legalization of Abortion,AGAINST
People who want kids can b prochoice. U don't have to want an abortion to b prochoice. People who had a miscarriage can b prochoice #SemST,Legalization of Abortion,FAVOR
Bodily autonomy is a human right. A person's access to abortion is a human right. #reprojustice #reprorights #SemST,Legalization of Abortion,FAVOR
"@Snitfit because it's not your baby, body or decision, nor does it effect your life in any way. So it's none of your business. #SemST",Legalization of Abortion,FAVOR
@saintjohnfargo @chrisgeidner @tweetbrk Ginsburg already supports the death penalty..she calls it #SemST,Legalization of Abortion,AGAINST
@kilcurry in those hospitals that signed up to the legislation. #SemST,Legalization of Abortion,NONE
Okay so how about declaring and protecting equality for the unborn now? #SCOTUS #Murder #SemST,Legalization of Abortion,AGAINST
They were slaying their own souls when they offered up their sons & when they shed the blood of infants. #Augustine #Psalm106 #SemST,Legalization of Abortion,AGAINST
@ghhshirley @WordfactoryQ @LeahNTorres Abortion Workers Charged with Manslaughter After Another Woman Dies From #SemST,Legalization of Abortion,AGAINST
Pro-choice is pro-murder couched in liberal rhetoric. #SemST,Legalization of Abortion,AGAINST
@AdamMyerson @quarq - Sent mine two days ago.  Expect it back in two days. Quick turnaround and great customer service! #SemST,Legalization of Abortion,NONE
It's time to be a #voice for the #voiceless. Stand up for the #unborn! #AllLivesMatter #ProLifeYouth #chooselife #SemST,Legalization of Abortion,AGAINST
"If you're all about equality, then the unborn babies get an equal chance at life too....#EqualityForTheUnborn #SemST",Legalization of Abortion,AGAINST
What is it that makes the human race behave in an undignified way to gain attention? #furgison #prideparade #potus #isis #lgbt #SemST,Legalization of Abortion,NONE
Today I am grateful to have the right to control my body without govt influence. #antichoice leaders want to stop this. #abvote,Legalization of Abortion,FAVOR
@WildChild69 @AnnieJMJ @binghamrk Jesus says to trust him in ALL things not to put trust in men or the world. #SemST,Legalization of Abortion,NONE
Adding to the progress of this week the Supreme Court is also allowing Texas abortion clinics to stay open! #SCOTUS #SemST,Legalization of Abortion,FAVOR
"if we can accept that a mother can kill even her own child, how can we tell other people not to kill one another?  #SemST",Legalization of Abortion,AGAINST
Inching toward diabetes while supporting @ProChoiceMass at #ChocolateMadness 2015. #mapoli #SemST,Legalization of Abortion,FAVOR
@Scullybones027 And where is @AmnestyIreland ? Nowhere to be seen - cause they only care about #SemST,Legalization of Abortion,NONE
RT @FrCharles: .@giannaberettamo @GiaMolla @sphcs_news Happy feast of St. Gianna Beretta Molla! May she pray for us! #SemST,Legalization of Abortion,NONE
"RT @OurBrother1: ""A nation that kills its own children has no future.(On Abortion) ~Bl. John Paul II #SemST",Legalization of Abortion,AGAINST
RT @LisetteHasHope: Yes I will be at @theRallyforLife! Counting down to it. Looking forward to standing up for the right to life #... #SemST,Legalization of Abortion,AGAINST
"#SB724 passes Sen. Judiciary Cmte.This bill is an effort to shame women out of their personal, private medical decision to have an #SemST",Legalization of Abortion,FAVOR
You know what's best You know what's best for your well being You know what's best for your life... # #SemST,Legalization of Abortion,NONE
Demand the Senate vote to ban painful late-term abortions. Use your voice to help hold the Senate accountable. #bluemoon #SemST,Legalization of Abortion,AGAINST
Abortion does not prevent rape. Kittington #SemST,Legalization of Abortion,AGAINST
We are thrilled to announce that we will be opening a satellite office!  We'll be right across the street from #ASU !  #SemST,Legalization of Abortion,AGAINST
"#ProLifeYouth have no chill, and we're dang proud of it. Human rights injustices should never be treated lightly. #prolifegen #SemST",Legalization of Abortion,AGAINST
You will not #silence my message you will not mock my #God you will stop #killing my #generation.youth #SemST,Legalization of Abortion,AGAINST
@Caleb_Lopez760 it is legal bro and its #SemST,Legalization of Abortion,NONE
Life is our first and most basic human right.,Legalization of Abortion,AGAINST
You were alive for up to 9 months before you were bornKills #SemST,Legalization of Abortion,AGAINST
How can there be too many #children? That is like saying there are too many #flowers -Mother Teresa #prolifeyouth #SemST,Legalization of Abortion,AGAINST
@Catniptwoshoes @hoursofChaos @bindelj if men could get pregnant things would change pretty quickly! #BackOff #SemST,Legalization of Abortion,FAVOR
@wendydavis Pray?? You want me to PRAY that abortions and dangerous facilities remain unchecked?? #facepalm #SemST,Legalization of Abortion,AGAINST
@JustinTrudeau I also support Men's wrongs as well as Women's rights #Standforchoice #womensrights #SemST,Legalization of Abortion,FAVOR
"#Love does not delight in #evil, but #rejoices in the #truth ~1 Cor 3:6 #Loving requires always speaking truth #ProtestChildKilling #SemST",Legalization of Abortion,AGAINST
"RT @createdequalorg: NEW video: ""I'm not seeing it as a human being."" @StandTrue @liveaction_news @collegefix @LifeSite #prolife... #SemST",Legalization of Abortion,AGAINST
Dear #BristolPalin. STOP. Just FUCKING STOP. You have choices. It's called #abortion. Take it or leave it but quit whining. #fem2 #SemST,Legalization of Abortion,FAVOR
"During an abortion, something alive must become dead to be considered a successful abortion...  #p2 #tcot #ChooseLife #Choice #SemST",Legalization of Abortion,AGAINST
It's so brilliant that #lovewins - now extend the equality to women's rights #abortionrights #SemST,Legalization of Abortion,FAVOR
I will agree to gay marriage if you agree to pro-life and then adopt babies that would have been aborted.,Legalization of Abortion,AGAINST
So can unborn children have rights now? #SemST,Legalization of Abortion,AGAINST
Happy to hear the #SCOTUS blocked closing of 10 abortion clinics in TX until an appeal can be heard #safelegalrare #thinkprogress #SemST,Legalization of Abortion,FAVOR
we remind ourselves that love means to be willing to give until it hurts - Mother Teresa,Legalization of Abortion,AGAINST
RT @GrumpyOldGuy2: #DebbieWashermanSchultz the woman has a voice the doctor has a voice. Who speaks for the baby? I'm just askin. #SemST,Legalization of Abortion,AGAINST
A woman who deliberately destroys a fetus is answerable for murder.-St. Basil the Great #SemST,Legalization of Abortion,AGAINST
"@WildChild69 Now you are not even sense. And, once again, abortion is not healthcare. With every abortion at least one human lies. #SemST",Legalization of Abortion,AGAINST
"Your life, your body, your choice.  #womenshealth #womensrights #SemST",Legalization of Abortion,FAVOR
Excellent 'speed-dating' #ethics discussion today in Yr9 class #morality #SemST,Legalization of Abortion,NONE
You can't kill someone cause you claim you made a mistake. If true nobody would go to jail for killing their spouse.,Legalization of Abortion,AGAINST
Listening to @reggielittlejhn speak about her work leading #WomensRights Without Frontiers. So inspiring! @AUL @JeanneaneMaxon #SemST,Legalization of Abortion,NONE
Thank you @PPact for treating me with kindness & respect & TLC during my wellness exam. #womenshealth #yaycondoms #SemST,Legalization of Abortion,NONE
Changing the cis-nomative atmosphere is difficult.  #SemST,Legalization of Abortion,NONE
My teacher today basically said that embroyo's are nothing but skin + blood & that abortion was fine. #smartlady,Legalization of Abortion,FAVOR
"RT @pari_passu: Dear Religious Right: I keep my uterus out of your church, so keep your church out my uterus. #SemST",Legalization of Abortion,FAVOR
But isn't that the problem then. Not enough faith. #gaystapo #socialism,Legalization of Abortion,NONE
We should not deny the basic human right to life for unborn babies. #LifeWins #EndTheDiscrimination #SemST,Legalization of Abortion,AGAINST
True progressives work toward greater inclusion and protections for the marginalized. Standing up for the unborn is progressive!,Legalization of Abortion,AGAINST
"@explicit0ceans whoa whoa whoa. I don't care about you having sex, but when you're pregnant, there's another life involved.",Legalization of Abortion,AGAINST
@BruvverEccles @Telegraph @David_Cameron I despair! I want grandchildren or are they a 'luxury item' #Catholic #SemST,Legalization of Abortion,AGAINST
"Breda O'Brien strikes again, why can't people just allow the woman who is carrying the 'child' to make her own decisions #Amnesty #SemST",Legalization of Abortion,FAVOR
I don't hate LGBT but I disagree with same-sex marriage. #SacramentofMatrimonyisSacred #SemST,Legalization of Abortion,NONE
@ArkBuilder17 we may disagree but I love ya man I don't want hard feelings #SemST,Legalization of Abortion,NONE
"I was born 4 months premature... I'm perfectly fine, somehow killing babies is legal in this country.",Legalization of Abortion,AGAINST
SCOTUS at it again!  Blocks Texas from enforcing part of new abortion law!  We have to stop killing babies! #SemST,Legalization of Abortion,AGAINST
"Life, what a beautiful choice. Adoption. Not abortion.",Legalization of Abortion,AGAINST
Why are we all here? Because all of our mothers granted us the gift of life and did not abort us. All life has value. #ProLifeYouth #SemST,Legalization of Abortion,AGAINST
"If men could get pregnant, abortion clinics would be like Starbucks #SemST",Legalization of Abortion,AGAINST
@explicit0ceans I don't either. Why would you want to make people have kids? Esp when they're not prepared? Makes no sense.,Legalization of Abortion,FAVOR
Good morning @JustinTrudeau. Do you plan to tell @WadePEILiberal that women on PEI deserve the right to choose? #cdnpoli #peipoli #SemST,Legalization of Abortion,FAVOR
"She has a brain, a heart, and her own unique DNA, not her mother's. She is alive and human. Please don't kill her. #SemST",Legalization of Abortion,AGAINST
"@JustinTrudeau, how do you plan 2 endorse @PEILiberalParty @WadePEILiberal who'd not b able 2 run 4 fed @liberal_party? #peipoli #SemST",Legalization of Abortion,NONE
"@CultureShifting ""If you don't draw the line where I've arbitrarily drawn it, you can't draw it anywhere."" Nonsense. #SemST",Legalization of Abortion,NONE
Before I formed you in the #womb I knew you. #prolifegen #prolifeyouth #God #SemST,Legalization of Abortion,AGAINST
It is not progressive to try to resolve problems by eliminating a human life. - #PopeFrancis,Legalization of Abortion,AGAINST
"Manipulation, Disguise, & Evil is always seen by the out-come. The Ugly Doors of Satan appear in all forms when it's Fake Love. #SemST",Legalization of Abortion,NONE
They may need to figure out how to get out of school or work that day. #SemST,Legalization of Abortion,NONE
@UCBerkeley No Such Thing As An Unforced #ProlifeYouth #SemST,Legalization of Abortion,AGAINST
@ToddPuckett1 we discussed how Business calculates risk factors. Drew was attacking #SpaceX inferring life is at risk. I invoked #SemST,Legalization of Abortion,AGAINST
All of this has nothing to do w providing medical care - @NARALVirginia on TRAP regulations #scraptrap #SemST,Legalization of Abortion,AGAINST
@emrata did u become a lib before or after u made it in Hollywood? #BlackLivesDontMatter #whitebrunch #SemST,Legalization of Abortion,NONE
"@CrushTheCFR Yes, heard you the first 500 times you tweeted SIX kids. she is probably also #SemST",Legalization of Abortion,NONE
"My body, my life. You fuck it up in a way I'm not prepared for and I will kill you. #SemST",Legalization of Abortion,FAVOR
They know what's best for their health They know what's best for their happiness They know what's best for their well being.. #SemST,Legalization of Abortion,FAVOR
#BlackLivesMatter Protesters wd'rather spray paint #Confederate symbols than concern themselves w/ Millions of Black Lives Lost to #SemST,Legalization of Abortion,NONE
RT alvedaking: The most disturbing thing we to this planet is to flood our streets with the #blood of #children from #HappyEarthD... #SemST,Legalization of Abortion,AGAINST
"RT @Singerman2000: Government  has exceeded its necessary size, scope and reach into the lives of its citizens. #Armenia... #SemST",Legalization of Abortion,NONE
@LogicOfLife7 I don't think I have a right to use someone else's body without consent. Do you? #rapeculture #SemST,Legalization of Abortion,FAVOR
"Jesus loves the children of the world, the born and the unborn.Youth #SemST",Legalization of Abortion,AGAINST
@nice_euna Its not only safe but contrally to the ten commandments... Thy shall not kill #ItsNotonItsNotSafe #SemST,Legalization of Abortion,AGAINST
"Life Fact: At just 9 weeks into a pregnancy, a baby begins to sigh and yawn. #LifeFact #SemST",Legalization of Abortion,AGAINST
"Bristol Palin doesn't want any lectures, you guys. That's her job. #hypocrisy #15minutes #SemST",Legalization of Abortion,NONE
"@BarackObama celebrates ""equality"" while 3000 unborn babies were killed today. Let's talk about a real inequality sir #LifeEquality #SemST",Legalization of Abortion,AGAINST
Murdering an unborn child is the crudest form of contraception! #Catholic #Christian #Conservative #feminist #SemST,Legalization of Abortion,AGAINST
words are meant to trigger strong emotional responses as well as to the medical inaccuracies & misogyny.. #SemST,Legalization of Abortion,NONE
@AnneJp1946 I have no problem with birth control but their you go with that free thing again. So your solution is murder good idea #SemST,Legalization of Abortion,AGAINST
"@NARAL @TIME At the same time, this decision ISN'T always a difficult one. Don't let #antichoice guilt-trip people. #SemST",Legalization of Abortion,AGAINST
If it isn't a #human life then why does @PPFA have a problem with us?youth #itisahumanlife #SemST,Legalization of Abortion,AGAINST
Abortion is legal all nine months in Canada and in some parts of the USA. #ProLifeYouth #SemST,Legalization of Abortion,AGAINST
What a great day to argue the benefits of making abortion legal #SemST,Legalization of Abortion,FAVOR
Like ya'll can try and push your views on me anyway but I will remain #SemST,Legalization of Abortion,NONE
Terrible golf last couple days! Goes down on the notes as one of these  #SemST,Legalization of Abortion,NONE
Both Democrats and #IslamicState murder by dismemberment. The only difference is the age of their victims. #ISIS #SemST,Legalization of Abortion,AGAINST
Part of our celebration will be dancing our butts off to a LGBTQIA pride inspired playlist. What songs should we add to our list? #SemST,Legalization of Abortion,NONE
Our spirits Live on - thru the FAMILY BLOODLINE  - ONCE YOUR Bloodline is Destroyed  - U WILL NEVER REINCARNATE AGAIN   #LGBT #SemST,Legalization of Abortion,NONE
@abelitomiranda ...about the millions of aborted children? Lets fix this too #LoveWins #SemST,Legalization of Abortion,AGAINST
@TheHeavySquad  #DailyWordsOfWisdom Pat's best Hell is for children  still defines goverment #fostercare #adoption #SemST,Legalization of Abortion,AGAINST
They know what's best for their safety. #SemST,Legalization of Abortion,FAVOR
"If Doctors used guns to perform abortions, would liberals then be opposed? #2A #liberallogic #SemST",Legalization of Abortion,AGAINST
#ProLifeYouth know that life begins at conception. #SemST,Legalization of Abortion,AGAINST
If being a mother's womb isn't safe I guess neither are churches; specifically black ones #WhoIsBurningBlackChurches #SemST,Legalization of Abortion,AGAINST
"How can you be ""against abortion"" and also want to take away all the free birth control clinics for the poor? How? #SemST",Legalization of Abortion,FAVOR
@LuM1996 @KurtSchlichter #Obama cares more about deserters than unborn babies #ProtectTheUnprotected #AntiAbortion #SemST,Legalization of Abortion,AGAINST
"If we ever forget we're one Nation under GOD, then we will be a Nation gone under. #Reagan #Christian #2A #DogLover #Conservative #SemST",Legalization of Abortion,NONE
How ironic is it that im sitting in @PPact & swiping on @Tinder right now? #SemST,Legalization of Abortion,NONE
Since #roevwade 1/3 of my #generation has been #aborted. Where were their #rights?youthgen #SemST,Legalization of Abortion,AGAINST
"#ProLifeYouth know that human life = human life, inside the womb or out. #SemST",Legalization of Abortion,AGAINST
"In so many ways, to so many people around the world, America really IS the ""Great Satan"" #GayMarriage #Drugs #WakeUpAmerica #SemST",Legalization of Abortion,AGAINST
UB Students for Life and @createdequalorg are currently on North Campus by the Student Union speaking out against #SemST,Legalization of Abortion,AGAINST
"Does a #pregnant #woman have 2 heads, 2 hearts, 4 arms, and 4 legs? #prolifeyouth #prolifegen #didntthinkso #SemST",Legalization of Abortion,AGAINST
How much do we really believe in equal rights for all mankind? #unborn #LoveWins #followthrough #SCOTUS #roevwade #science #SemST,Legalization of Abortion,AGAINST
"@AlietaEck ""Courage isn't living without fear.  Courage is being scared to death and doing the right thing anyway!""  #SemST",Legalization of Abortion,NONE
"@ProWomanChoice Exactly, no apologies needed to any #fundamentalist of any kind.  Stop apologies for rights. #p2 #SemST",Legalization of Abortion,FAVOR
"Just a reminder, don't take your eyes off #SCOTUS yet #reprohealth is still on the line. #womensrights #ReproJustice #reprorights #SemST",Legalization of Abortion,FAVOR
Ever notice how ppl like Cruz  who say they love the Constitution  are always the ones who want to change it? #ACA #GayMarriage #SemST,Legalization of Abortion,NONE
Time to make a change in my boxing style can u say @GGGBoxing style but still be great on my defense #beastmode #boxing #ximenez #SemST,Legalization of Abortion,NONE
They say God isn't listening? Just look at that radar today. #prayfornepal,Legalization of Abortion,NONE
"Call me an #extremist, but I think #dismembering babies is wrong.youthgen #SemST",Legalization of Abortion,AGAINST
"@ShowTruth No. It's absurd to refer to healthcare that saves pregnant people's lives as ""killing. #SemST",Legalization of Abortion,FAVOR
@toby_dorena I am in favor of women's rights and their right to choose. How I chose is irrelevant to others #SemST,Legalization of Abortion,AGAINST
@Niall250 good thing is that #DUP have consistently said ALL murder was + is wrong. SF were pro murder...still are. #SemST,Legalization of Abortion,AGAINST
Hadn't seen October Baby until the other night. Had me crying thru the whole thing...I don't cry at movies. So touching! #adoption #SemST,Legalization of Abortion,AGAINST
do you spend more in cares to animals than in charity? #LaudatoSi #SemST,Legalization of Abortion,NONE
Let's agree that it's not ok to kill a 7lbs baby in the uterus @DWStweets #DNC #Clinton2016 @HillaryforIA #ProCompromise #SemST,Legalization of Abortion,AGAINST
"It's great that same-sex marriage has been made legal, but how long will it take to make abortion illegal? #SemST",Legalization of Abortion,AGAINST
"@charulife And I explained that they are in the keep your baby business, as they helped me get Medicaid and WIC. #SemST",Legalization of Abortion,AGAINST
RT @StMotherTheresa: ...anything that destroys God's gift of motherhood destroys His most precious gift to women #motherteresa #SemST,Legalization of Abortion,AGAINST
Up at this ridiculous hour to #protectthezone.  #Alabama #SemST,Legalization of Abortion,NONE
@m_lonz @LifeNewsHQ Captors have already been born and are no longer part of the body of a pregnant woman. That's the difference. #SemST,Legalization of Abortion,FAVOR
So prolifers are against health rights? #SemST,Legalization of Abortion,FAVOR
There's a gray area when it comes to abortion. We discuss the #legal & #ethical #dilemmas that #doctors & #patients face regarding #SemST,Legalization of Abortion,AGAINST
"@LogicOfLife7 I don't confuse ""right to life"" with 'right-to-use-someone's-body-without-consent'. Do you? #rapeculture #SemST",Legalization of Abortion,FAVOR
"because it is settled that [abortion] is constitutional, it necessarily follows that there must be a means of carrying it out. #SemST",Legalization of Abortion,AGAINST
@oXGodLessXo @Canuckle_head @Atheist_Roo @atxbantamathy           /gags Dat face. #SemST,Legalization of Abortion,AGAINST
I'm gonna fuck @CaitlynGuyerXOX Next weekend  #SemST,Legalization of Abortion,NONE
Abortion is not contraception. Contraception is about preventing pregnancy. Abortion is terminating a life.  #CCOT #SemST,Legalization of Abortion,AGAINST
"Any asshat ""protesting"" against #SofiaVergara is a disgrace to the entire Women's Rights movement. Live and let live. #SemST",Legalization of Abortion,NONE
"@CoraSherlock @NORTHANNE @fdelond you Cora ignore that IRE export the 'problem',to UK @MarieStopes #itwontgoaway #repealthe8th #SemST",Legalization of Abortion,NONE
I just want to sit in a corner and cry.  I wish I was a thicker-skinned feminist but this shit is personal! #MyBodyMyRights #SemST,Legalization of Abortion,FAVOR
.@RebeccahLouise I'm not forcing anyone to do anything. Abortion is not 'medical help' & there are better options. Very proud to be #SemST,Legalization of Abortion,AGAINST
I think Marcus is slightly scared of my radical liberal side #feministally #SemST,Legalization of Abortion,NONE
RT @dave_gosh: Im Prolife and Abortion has and will always be taking a life!  #ChooseLife #Christians #Prolife... #SemST,Legalization of Abortion,AGAINST
@MarthaPlimpton It's not Monday on Twitter until some right wing troll sends me a video of an abortion #ReproRights #SemST,Legalization of Abortion,FAVOR
@StevenErtelt @GM_GXPfan My wife had an abortion when she was young She regrets it to this day #SemST,Legalization of Abortion,AGAINST
"@LifeNewsHQ  22wks is too late to be able to have a termination in my opinion, these triplets are babies not a bunch of cells. #SemST",Legalization of Abortion,AGAINST
It should never ever be legal to have an abortion because murder is wrong & #AbortionIsMurder not #healthcare . We Must . #SemST,Legalization of Abortion,AGAINST
It is a #poverty to decide that a #child must #die so you may live as you wish. -Mother Teresa #prolifeyouth #prolifegen #SemST,Legalization of Abortion,AGAINST
"@toby_dorena Any pregnancy can turn deadly at any time, without warning. I can't force that on someone. #SemST",Legalization of Abortion,AGAINST
@AsaSoltan putting abortion in with choices for women just won my heart over. Yaaaaaas! #shahs,Legalization of Abortion,FAVOR
The #right to #life should be the #first among #humanrights -Pope Francisyouthgen #SemST,Legalization of Abortion,AGAINST
Just laid down the law on abortion in my bioethics class. #Catholic,Legalization of Abortion,AGAINST
@PnkGlitterChemE @SayNoToSuicide4 Being #Gay is a #Choice Just like #SemST,Legalization of Abortion,NONE
@jemimakirke my hat is off to you for speaking out about something that is rarely discussed by anyone who has a voice. #SemST,Legalization of Abortion,NONE
Every human person - is a being of inestimable worth created in the image and likeness of God. -St. JPII #SemST,Legalization of Abortion,AGAINST
Why is it illegal to kill an unhatched eagle egg but its legal to kill an unborn human baby?isright,Legalization of Abortion,AGAINST
"I know what's best, for my health. You don't know anything about me.  #SemST",Legalization of Abortion,FAVOR
RT @Paul71: Who's yer man in the #dail talking about bullying? The only bullying was Fine Gael bullying their own members! #SemST,Legalization of Abortion,NONE
Praying for that innocent lady. She's a victim too. I hope the execution will not proceed. #NoToDeathPenalty #SaveMaryJaneVeloso #SemST,Legalization of Abortion,NONE
A nation that kills it's own children is a nation without hope. -Pope Saint John Paul II #ProLifeYouth #AllLivesMatter #SemST,Legalization of Abortion,AGAINST
@rosaryrevival Prayers & best wishes for St Catherine of Sienna on Wednesday. Will say #Eastertide Glorious Mysteries as usual. #SemST,Legalization of Abortion,NONE
@Stuart1927 @GoodCounselNet Thank goodness politicians saw sense and recognised women's rights over their own bodies. #SemST,Legalization of Abortion,FAVOR
Hey Megan--a baby's heart starts beating at 21 days after conception. No time is the right time to end its life!! #kellyfile #SemST,Legalization of Abortion,AGAINST
The HHS contraceptive mandate has been challenged in #SCOUTS 6 times and has lost 6 times.      #contraception #SemST,Legalization of Abortion,AGAINST
Children are the greatest blessing which God has bestowed on man and woman. -Pope Francis #LifeisaGift #SemST,Legalization of Abortion,AGAINST
The Supreme Court justices are on fire this week #LoveWins #SemST,Legalization of Abortion,NONE
RT @RogerIsCatholic: Save the Baby Humans! #WAAR #SemST,Legalization of Abortion,AGAINST
"True equality"" allows all to be born. #SemST",Legalization of Abortion,AGAINST
"When you abort a baby, you don't just abort one person ...you abort generations. #SemST",Legalization of Abortion,AGAINST
"Also, abortion is wrong biblically and morally. Imagine never getting a chance to live your life. Think about where you are now. #SemST",Legalization of Abortion,AGAINST
"Your body belongs to you. It doesn't belong to the church, the state or an embryo. #SemST",Legalization of Abortion,AGAINST
Alright #SCOTUS your next order of business should be overturning #roevwade  #SemST,Legalization of Abortion,AGAINST
"Sadly, most health insurance plans don't cover abortions, so the price can be quite high....",Legalization of Abortion,FAVOR
"@LadySandersfarm love is only love if it's on her terms. Keep your faith in Jesus, He is your Anchor in this storm. Hebrews 6:19  #SemST",Legalization of Abortion,NONE
@DWStweets @RepDWStweets is a seven pound baby murderer. Too bad her Mom didn't have the same operation. #Baby #Democrats #Losers #SemST,Legalization of Abortion,AGAINST
@Esmerald_Kiczek  Rock on girl!  We all know #AbortionIsMurder.   #SemST,Legalization of Abortion,AGAINST
"Tip for protesters everywhere: your goal is to change the minds of rational adults, not to scar the minds of little kids. #PGH #SemST",Legalization of Abortion,NONE
Even the #smallest #person can change the course of the #future.youthgen #SemST,Legalization of Abortion,AGAINST
Just owned a woman who works for planned parenthood. #factsonly #SemST,Legalization of Abortion,AGAINST
Meme on like it's the last Reddit thread on Earth. #AgeofUltron #lifeadvice #protip #propeller #propane #andpropaneaccessories #SemST,Legalization of Abortion,NONE
Obamcare loses again in the Supreme Court. Religious freedom win. #scotus #tcot #SemST,Legalization of Abortion,NONE
We are the #prolifegen and we will abolish abortion in our lifetime! #prolifefuture #tcot #SemST,Legalization of Abortion,AGAINST
The answer to a #crisis #pregnancy is to eliminate the crisis not the #child.youthgen #SemST,Legalization of Abortion,AGAINST
@OnlineForLife thank you for the way you beautifully communicate the pro-life message. You all consistently blow me away. #SemST,Legalization of Abortion,AGAINST
"@k_yoder That lady needs help, mental illness is a serious issue. #SemST",Legalization of Abortion,NONE
"Hey, #BristolPalin, when Alaska asked you to promote ""wide open spaces,"" pretty sure they were talking about the state. #SemST",Legalization of Abortion,NONE
"Today, AB 775 passed out of Committee on Judiciary 3-7. We will let you know how to help! #SemST",Legalization of Abortion,NONE
Joining us in studio is Amos and Josh on Music and Career with Kobi Kihara #Bands #SemST,Legalization of Abortion,NONE
"Abortionists refused to comply with these constitutional, common-sense standards. #NARAL #SemST",Legalization of Abortion,AGAINST
As long as they are allowed to show medically correct photos of contraception use at the family planning table #StopAbortion #SemST,Legalization of Abortion,AGAINST
A little VAN action before work  #datadatadata #SemST,Legalization of Abortion,NONE
Undergirding every important issue today is this:  what is truth?  #marriage #racism #gender #SemST,Legalization of Abortion,NONE
Equal rights for all @SCOTUS? Except for the unborn?? #ycot #overturnRoe #SemST,Legalization of Abortion,AGAINST
A nation that kills its own children is a nation without hope. -Pope Saint John Paul II #ProLifeYouth #AllLivesMatter #SemST,Legalization of Abortion,AGAINST
"on a side note, just because you think smtg is wrong, doesn't mean everyone else  have to live accd to your beliefs.. ^^ #SemST",Legalization of Abortion,NONE
Will you be my #voice? -unborn babiesyouthgen #SemST,Legalization of Abortion,AGAINST
"Dear Nuns, your advocacy of tax paying is weird. #war #Iraq #deathpenalty #taxespayforthistoo #TaxpayerPride #SemST",Legalization of Abortion,NONE
Americans clearly support family planning. Cutting Title X is wrong #ProtectPrevention #savetitleX #SemST,Legalization of Abortion,FAVOR
Equality in the states is a nice step forward to a better America. #ProudToLove #SemST,Legalization of Abortion,NONE
Abortion laws should be designed to make it harder to get an abortion. Abortion is murder! #SemST,Legalization of Abortion,AGAINST
Last meeting of the year tonight! 7:00 pm in Case Hall room 334A. Come one come all! Pizza and pop will be provided!,Legalization of Abortion,NONE
"The same people that demand gov stay out of their vaginas, demand that gov legitimize their same sex bedrooms! Curious.  #LoveWins #SemST",Legalization of Abortion,AGAINST
Good reminder that over 57 million children have never been granted the opportunity to share the air we breath. #Equality #SemST,Legalization of Abortion,AGAINST
When is abortion a responsible choice? When a woman chooses it to be #SemST,Legalization of Abortion,FAVOR
@RyanDeloosh only if u want me to smash ur head through a solid wall made of steel each time u say it then shore honay #urchoice #SemST,Legalization of Abortion,NONE
I am 1 in 3... I have had an abortion #AbortionOnDemand #MenstruationMatters #SemST,Legalization of Abortion,AGAINST
"@charlescwcooke @HillaryClinton Once they're born, that is. #SemST",Legalization of Abortion,NONE
"The causes & circumstances of pregnancies vary, but one thing is unwavering: a human with a right to life. #ProLifeYouth #SemST",Legalization of Abortion,AGAINST
@AnnaLoMLA one step forward in the right direction #SemST,Legalization of Abortion,NONE
Do nothing at all unless you begin with prayer. -St Ephraem the Syrian #SemST,Legalization of Abortion,AGAINST
We have the duty to protect the life of an unborn child. --Ronald Reagan #ccot #gop #SemST,Legalization of Abortion,AGAINST
"@ShowTruth No, I can't explain why you would consider a medical procedure that leaves the patient healthy & happy as killing. #SemST",Legalization of Abortion,FAVOR
"FACT: 17% of today's population is equivalent to residents in New York, Florida, and Pennsylvania.  Where's the outrage for this? ",Legalization of Abortion,NONE
The only solution I see against the #POTUS #SCOTUS #Tyranny is #ArticleV #FederalistPapers #SCOTUScare #GayMarriage #wtf #SemST,Legalization of Abortion,NONE
@forrest_grump Large parts of it were difficult to write so I can't imagine having to read the fucking thing. #SemST,Legalization of Abortion,NONE
RT @modernwerewolf: Why doesn't anyone congratulate me for NOT getting knocked up? Throw me a damn shower #ReproJustice #SemST,Legalization of Abortion,NONE
"I will believe the narrative that ""black lives matter"" when ALL black lives matter, all the time. #BlackOnBlackViolence #SemST",Legalization of Abortion,NONE
Before we go looking for #life on other #planets we should #stop #killing life on this one. #prolifeyouth #prolifegen #SemST,Legalization of Abortion,AGAINST
Why don't black lives matter in the womb? #SemST,Legalization of Abortion,AGAINST
I'm so glad this is Not My Home! #NMH #SCOTUSMarriage #ACA #SemST,Legalization of Abortion,NONE
"This is a debate about our understanding of human dignity/what it means to be a member 0 the human family/even tho tiny, powerless. #SemST",Legalization of Abortion,AGAINST
It's a free country. Freedom includes freedom of choice. #SemST,Legalization of Abortion,FAVOR
@sinnfeinireland  SinnFein voted to kill unborn sick children #SemST,Legalization of Abortion,AGAINST
@SaculSacul @GVPrayerWarrior No guarantee she will be destroyed I trust God. #SemST,Legalization of Abortion,NONE
"@Andrea_provida Or another hypocrisy are  those who campaign for animal rights but are ""pro choice"" . #SemST",Legalization of Abortion,AGAINST
It is so much fun having younger friends who are expecting babies. #beentheredonethat #chooselife,Legalization of Abortion,AGAINST
#Florida AttorneyGeneralBondi files appeal after Judge grants ACLU request to temporarily halt new law requiring 24hr wait before #SemST,Legalization of Abortion,AGAINST
"As good a time as any to say: when too many men are adjudicating on women's reproductive systems, the results are never good #Rape #SemST",Legalization of Abortion,FAVOR
"@michaelianblack i don't follow the news, is there a new law that ALL gay people have to get married? I'm against that! #SemST",Legalization of Abortion,NONE
@ProWomanChoice forcing women to change their body's normal function is the epitome of controlling women. #SemST,Legalization of Abortion,AGAINST
"@kfadich Every sperm is apparently sacred, and entitled to use of someone's body. #rapeculture #worstargumentever #SemST",Legalization of Abortion,FAVOR
PRAYERS FOR BABIES Urgent prayer in Detroit MI ...two in San Diego CA&one in San Antonio  Life begins at conception  #SemST,Legalization of Abortion,AGAINST
"#Mozambique's new penal code takes effect on Wednesday containing several significant new elements,including #decriminalisation of #SemST",Legalization of Abortion,AGAINST
Parents have left their role to the teachers! Parents need to have skills to reach out to their own children it's important! #SemST,Legalization of Abortion,NONE
Today I am grateful for the #reproductiverights that allow so many families to escape poverty. #abvote #SemST,Legalization of Abortion,FAVOR
"...and said unto them, Suffer the little children to come unto me, & forbid them not: for of such is the kingdom of God. Mk 10:14 #SemST",Legalization of Abortion,AGAINST
Someone snitched on the mom having sex with and playing naked twister with teens. I bet it was her Cock blocking ass children. #SemST,Legalization of Abortion,NONE
"@BristolsBlog second out of wedlock pregnancy and you don't want a lecture, you just want to give them? STUNNNG. #SemST",Legalization of Abortion,NONE
"Why would a mother advice her daughter to abort?? Shame, responsibility, but truly is that the best advice?? #ItsNotOnItsNotSafe #SemST",Legalization of Abortion,AGAINST
Too far? Sorry so is he,Legalization of Abortion,NONE
The world is waking up to the fact that killing babies is wrong. No matter what. #ProLifeYouth #SemST,Legalization of Abortion,AGAINST
God forbid you'd ever have to walk a mile in her shoes. Then you really might know what it's like to have to choose. #SemST,Legalization of Abortion,FAVOR
WORLDWIDE R.E. Agents! - Support a ProLife Group (U-choose) at NoCost ProLifeRealEstate@Yahoo.com #SemST,Legalization of Abortion,AGAINST
"Oh look!!! So not only are antichoice strongly against pregnant people's human rights, they're also homophobic. Shocker. (Not) #SemST",Legalization of Abortion,FAVOR
"@NYCanegirl the premeditated taking of an innocent human life is 1st degree murder, and you know it. #SemST",Legalization of Abortion,AGAINST
Whether someone wants to have children or not should be completely up to the person carrying that pregnancy...,Legalization of Abortion,FAVOR
Planned Parenthood lines its pockets while sacrificing women and children in need at the altar of abortion.,Legalization of Abortion,AGAINST
"@LogicOfLife7 No one is advocating ""punishment"". Would you force ppl to give birth against their wills? #rapeculture #SemST",Legalization of Abortion,FAVOR
"Because as long as we're ending innocent lives, love has won nothing. #SemST",Legalization of Abortion,AGAINST
@ghhshirley Charged with Manslaughter After Another Woman Dies From #SemST,Legalization of Abortion,AGAINST
"(3/3) So when @AUL tells you MLK was #prolife, they're lying. (Their gullible followers r likely just misinformed). #UniteBlue #SemST",Legalization of Abortion,NONE
Thank you for another day of life Lord. #Christian #Catholic #TeamJesus #SemST,Legalization of Abortion,AGAINST
"Thanks for gently spoken truth,  @DanaPerino ! How DO we as a nation ""protect the innocent""? #TheFive #CCOT #DNC #RNC #SemST",Legalization of Abortion,AGAINST
RT @NYS4Life: RT if you're ready to help us defeat #AssistedSuicidelike we defeated #AbortionExpansion! #noPASny #SemST,Legalization of Abortion,AGAINST
people in the government care more about words in a bible than women and their bodies #SemST,Legalization of Abortion,FAVOR
Another SCOTUS decision I do not agree with. It's time to do away with the death penalty all together. #SemST,Legalization of Abortion,NONE
Never during a pregnancy does a pregnant person's body cease being their own. Support bodily autonomy. Be #SemST,Legalization of Abortion,AGAINST
"RT @spicysandwich: Say it again for me one time!  Anti-abortion laws only lead to unsafe, illegal abortions! #SemST",Legalization of Abortion,FAVOR
"If you aren't responsible enough to take care of a baby, why are you having unprotected sex? #SemST",Legalization of Abortion,AGAINST
"wow all these people r so upset over 1 Black Man killed, what would they do if they knew about BlackKids killed by #BaltimoreRiots #SemST",Legalization of Abortion,NONE
@Loriisright @DWMcAliley1791 @LitaZahn Yup. One of the MANY reasons I changed parties. #SemST,Legalization of Abortion,NONE
@slowdoghdfc I know. God won't be mocked tho. So I blv we shd expect judgment~as if thr wr not already enuf rzn 2 judge America. #SemST,Legalization of Abortion,NONE
It hurts my  2 C ppl more offended over a flag/symbol than deaths/abortions of millions of innocent children! #flag #Mississippi #SemST,Legalization of Abortion,AGAINST
"Abortion has nothing to do with feminism. Its about the BABYS body, not yours.isright #SemST",Legalization of Abortion,AGAINST
Bernadette Smyth is an ignorant thunder cunt.  Not her life. Not her body. Not her business.  #ItsABallOfCellsNotABaby  #NewsNI #SemST,Legalization of Abortion,FAVOR
"#SupremeCourt  is on a roll this week, did they just discover #coffee or something?? #MarriageEquaility #SemST",Legalization of Abortion,NONE
"@ProLifeLiberty Yes, your reasoning is horrible. We were talking about abortion, not death. #SemST",Legalization of Abortion,FAVOR
In church for a Pro-life meeting. I will be the voice for the unborn. #SaveTheBabiesBumpThemAnimals #GodIsLoveSoLoveWins!! #SemST,Legalization of Abortion,AGAINST
Watching teen mom and watching Farrah be a bitch makes me believe in abortion that much more. #SemST,Legalization of Abortion,FAVOR
"Why do you cry when a dog dies in a movie, but it doesn't seem to phase you that so many babies die because of abortion?  #SemST",Legalization of Abortion,AGAINST
"You have a #God given right to #live. And of all places, inside your #mother. -Phil Robertsonyouthgen #SemST",Legalization of Abortion,AGAINST
Gov Brownback visits cities in #Kansas 2 sign new #bill  #woman #SemST,Legalization of Abortion,NONE
@codeinediva Like i said you are weak. We are strong!   #Christian  #WeWillOvercome #SemST,Legalization of Abortion,AGAINST
"Is there a gas that increases self-mutilation (tattoos, piercing, drugging, over-eating, & suicide) & violence? #waleg #SemST",Legalization of Abortion,NONE
Today the proverbial straw broke the back of America It's just a matter of time We've gone too far... #LoveWins #SemST,Legalization of Abortion,NONE
@notmuchelse you want the freedom to murder a baby. Rip them limb by limb. No change in subject by me.Libertarian #SemST,Legalization of Abortion,AGAINST
"'Cursed be anyone who takes a bribe to shed innocent blood.' And all the people shall say, 'Amen.'  Deuteronomy 27:25 #dropsmic #SemST",Legalization of Abortion,AGAINST
".@ChadCottle From 1.4 million/yr to 1.1 million/yr. The ONLY way to make them decline to <5,000/yr is by making abortion criminal #SemST",Legalization of Abortion,AGAINST
The Democrats just gave the most chilling reply when asked if they support aborting 7-pound babies #SemST,Legalization of Abortion,AGAINST
"I'm pro choice for if you want to kill living babies, go right ahead. #SemST",Legalization of Abortion,FAVOR
People aren't 'pro-life' they're 'pro-birth'. When a mother can't provide what happens then? #SemST,Legalization of Abortion,FAVOR
We are people who believe every child is entitled to life and liberty.... -@BarackObama  Yet abortion is still legal. #SemST,Legalization of Abortion,AGAINST
@HomunculusLoikm @SawyerAndrew @BryanBroome1 @jstines3 I don't think most women enjoy the experience. #SemST,Legalization of Abortion,AGAINST
@Fredindimuli  yes he has an opinion but the choice should be in the hands of the women You know the person directly affected? #SemST,Legalization of Abortion,FAVOR
#Liberals don't realize they conceded the debate. Now - per Shaw - we are just going to haggle over price.   #Idiots #SemST,Legalization of Abortion,NONE
"@BBCNewshour ""if u had been my wife I would have blow your head off."" Yep, that sound like #ElSalvador #SemST",Legalization of Abortion,NONE
Do you know anything about the right of bodily autonomy? Describe it then if you don't think the fetus takes it away from her  #SemST,Legalization of Abortion,FAVOR
Pretend I'm a #tree and #save me. -babies everywhereyouthgen #SemST,Legalization of Abortion,AGAINST
Pro-Life Legislative Day Party in Lansing today! See y'all there! #sopumpedgen #SemST,Legalization of Abortion,AGAINST
"The people who never spoke up against the Nazis during World War II were likely ""live and let live "" people. #fb #SemST",Legalization of Abortion,NONE
In Ireland the unborn child has constitutional protection. Long may this continued.Youth #SemST,Legalization of Abortion,AGAINST
What the leftists are doing is putting all Americans in danger! #tcot #UniteBlue #LoveWins #LGBT #SCOTUS #SemST,Legalization of Abortion,NONE
@DarkTechMonitor @Colonel_Ted @chrisgeidner Ginsburg already supports the death penalty..i.e. #SemST,Legalization of Abortion,AGAINST
"How can I continue to say ""God bless America"" when this country continues to approve and glorify things in opposition to Him? #SSM #SemST",Legalization of Abortion,AGAINST
@nice_euna As much as they try the notion of ts the 21st century its killing a lot..... #SemST,Legalization of Abortion,AGAINST
Now the matter of abortion comes next. #SemST,Legalization of Abortion,NONE
SCOTUS has caused more repression and racism in this nation that any other group of people in America. #DredScott #Marriage #SemST,Legalization of Abortion,NONE
WH: Motherhood's a Wage Penalty. So we pay em to have kids & we pay em to kill premature babies. WTF's point here libs? #PJNET #SemST,Legalization of Abortion,AGAINST
@Britt_Ghiroli @mboyle1 But the Mayor of Baltimore said to give rioters to rioters. #BlackLivesMatter #Except2Democrats #Sanger,Legalization of Abortion,NONE
U don't have to be a religious to be pro-life. All u have to believe is that every life is sacred #SemST,Legalization of Abortion,AGAINST
So unfortunate #thebriefcase @cbs. Adoption isn't always the answer. #SemST,Legalization of Abortion,FAVOR
Please join us as we pray to end the global holocaust of abortion! #SemST,Legalization of Abortion,AGAINST
People who have never had an abortion can be prochoice. People with a uterus can be prochoice. People who never want kids can be #SemST,Legalization of Abortion,FAVOR
@MI_IMMACULATA @GLORYtoGOD_143 @BenignoVito Very important to #PrayTheRosary to #PrayforthePersecutedChurch & to #SemST,Legalization of Abortion,AGAINST
RT @alvedaking: The most disturbing thing we to this planet is to flood our streets with the #blood of #children from #HappyEarth... #SemST,Legalization of Abortion,AGAINST
"@jacelarson He's not concerned about women's health, it's all about control. Stay outta my lady parts, Mr. Patrick! #SemST",Legalization of Abortion,FAVOR
@j6fras same but I got hated for it. #progod #progun #SemST,Legalization of Abortion,NONE
Thanks @Jeffrey_Addison  Kudos to @VolvoCarsAus for caring about the safety of unborn children #auspol #SemST,Legalization of Abortion,AGAINST
@mrsdrjim did you know #wrp @BrianJeanWRP tried to get personhood going via federal #motion312. #SemST,Legalization of Abortion,NONE
"There's a law protecting unborn eagles, but not  humans uh, idk if you've noticed, but there aren't 7 billion eagles around. #SemST",Legalization of Abortion,AGAINST
Rise & Shine its a new day & you're alive. Thank God 4 another day of precious life. #Christian #Catholic #TeamJesus,Legalization of Abortion,AGAINST
Idiot: how would you feel if your mom aborted you?  Me: nothing cause I would be fucking dead. #SemST,Legalization of Abortion,AGAINST
@SenatorLankford just a reminder that you are awful in every way and do not represent me. #prolove #proeducation #prohealthcare #SemST,Legalization of Abortion,NONE
All babies are a blessing @BristolsBlog  thank you for loving what you been preaching #SemST,Legalization of Abortion,AGAINST
If being in a mother's womb isn't safe I guess neither are churches; specifically black ones #WhoIsBurningBlackChurches #SemST,Legalization of Abortion,AGAINST
People who have been pregnant can be pro choice. People who can't have kids can be pro choice. People who have a uterus can be #SemST,Legalization of Abortion,FAVOR
@tooprettyclub Are you OK with #GOP males telling you what you can and can't do with your own body?,Legalization of Abortion,FAVOR
Now we just need to give women everywhere their rightful choice #SemST,Legalization of Abortion,FAVOR
It is the greatest of all mistakes to do nothing because you can only do little. Do what you can. | #humandignity #SemST,Legalization of Abortion,NONE
Well that's a win for women in Texas. Thank you SCOTUS! #texas #SemST,Legalization of Abortion,FAVOR
#cogar @RefCom_ie get more #questions on #d #ballott! #ireland's #dail is stuck. We'll #help! #drugswar #landwar #etc. #tanks,Legalization of Abortion,NONE
"@beckaviau @MikeRedmondNDP duh.... Planned pregnancy around election date, new fad. Get with the times. #SemST",Legalization of Abortion,NONE
"It's not #yourbody, so it's not your #choice.youthgen #SemST",Legalization of Abortion,FAVOR
I can tell women what to do with their bodies  #ThingsYouDontSayAsAPolitician #SemST,Legalization of Abortion,AGAINST
@hillaryclinton - I guess this means you're happy for me to be pro-life as I never aborted any of my own children? #hypocrisy #SemST,Legalization of Abortion,AGAINST
I wonder if America will like focus on real issues now #starvingchildren #abuse #nationaldebt #terrorism #SemST,Legalization of Abortion,NONE
Since 1973 the USA has killed (via abortion) over 5 times the number of ppl Hitler is considered responsible for killing #SemST,Legalization of Abortion,AGAINST
Ok now how about we handle up on something just a little more important.....like MURDER   #SemST,Legalization of Abortion,AGAINST
"@gvandersee 100,000 (estimated) ozzie abortions of vulnerable, unwanted ""unlife""  right there. Value & Respect life. #deathpenalty #SemST",Legalization of Abortion,AGAINST
@Hannah_Warren14 that much more oppressive for women #SemST,Legalization of Abortion,NONE
If you believe in its power; then pray. #Nepal #Baltimore #ISIS #Kenya #GenderChange #Injustice #Slavery #Racism #MiddleEast,Legalization of Abortion,NONE
"Without #life, the right to liberty and the pursuit of happiness aren't possible. #ProLifeYouth #AllLivesMatter #SemST",Legalization of Abortion,AGAINST
Abortion IS NOT a political issue it is a MORAL issue. #Catholic #Christian #Conservative #SemST,Legalization of Abortion,AGAINST
How can a kingdom founded in violence long control the vice that brought it n2 existence? <-- commentary on Judges9 @BarackObama #SemST,Legalization of Abortion,NONE
Had a great meeting today with two guys who I know are reading this tweet... Welcome to the team! Excited to expand Team Sobhy!!  #SemST,Legalization of Abortion,NONE
@UberFacts because a good percent utilized that wonderful gift of choice (#proChoice). #SemST,Legalization of Abortion,AGAINST
I love how #liberals only accuse #conservatives of war on women when we don't want to fund,Legalization of Abortion,AGAINST
"@Corey_Frizzell @PEILiberalParty and most Islanders have different definitions of ""timely access"". #irony #peipoli #peivotes",Legalization of Abortion,NONE
@AYoungJFK it was her choice Mark! #profeminist #SemST,Legalization of Abortion,FAVOR
"@CandiesOrg Oops she did it again Bristol is PREGNANT. Candies is a waste.  U paid her 400,000 for WHAT? PPL Send ur $ to #SemST",Legalization of Abortion,NONE
MT @ProLifePolitics- Senate vote on SC Pain-Capable Unborn Child Protection Act could come as early as Wed. Contact your senators!,Legalization of Abortion,AGAINST
There Will Never Be Enough Of Us should be the slogan at #SemST,Legalization of Abortion,NONE
"Now that there's marriage equality, can we start working on equal rights for unborn children? #SemST",Legalization of Abortion,AGAINST
"@WildChild69 No, U want 2 limit the doctor's choice & force him/her to help w/ abortions. I want to protect life & human dignity. #SemST",Legalization of Abortion,AGAINST
On my bday I'm always so grateful to my bio parents who gave me up for #adoption #nochoiceisevereasy #SemST,Legalization of Abortion,AGAINST
I watched #AfterTiller and it gave me a whole new perspective on a woman's right to choose. #womensRights,Legalization of Abortion,FAVOR
Definitely the #SCOTUS today has landed where women are. #Texas #clinics #issues #SemST,Legalization of Abortion,FAVOR
if it wasn't for harry all my favorite characters would still be alive #SemST,Legalization of Abortion,NONE
Re Last: I can't get past this...why must abortion providers dismember a fetus alive?  That just sounds...hideously inhumane. #SemST,Legalization of Abortion,AGAINST
"@umich Unjustified homicide should ALWAYS be illegal, including #ProlifeYouth #SemST",Legalization of Abortion,AGAINST
@UberFacts because that 9% utilized that wonderful gift of choice (#proChoice). #SemST,Legalization of Abortion,AGAINST
"@glennbeck I would like to see poll: How many abortion doctors have told a woman ""No, an abortion is not required in your case. #SemST",Legalization of Abortion,AGAINST
"Abortion does not make you un-pregnant, it makes you the mother of a dead child.isright #SemST",Legalization of Abortion,AGAINST
@TheReadClub He who wears the shoes knows where it hurts but I'm Pro-life. #TheReadClub #SemST,Legalization of Abortion,AGAINST
"In #scotus majority opinion, substitute abortion for capital punishment, and you have the opinion for the Texas clinic case. #SemST",Legalization of Abortion,AGAINST
Help your friend figure out how they're going to get there and where to stay if they need to spend the night,Legalization of Abortion,NONE
#ProLifeYouth know that human life in the womb is as valuable as human life outside the womb. #SemST,Legalization of Abortion,AGAINST
"A needed, safe medical procedure is available to women. Unfortunately, RW men say they should make women's decisions. Sad, huh? #SemST",Legalization of Abortion,FAVOR
RT @rxchelredekop: Consenting to sex is not consenting to being pregnant!!! Like!!! No!!!! #SemST,Legalization of Abortion,FAVOR
#Humans have taken over the role of #God - #RachelDolezal #CaitlynJenner #SCOTUSMarriage #SemST,Legalization of Abortion,AGAINST
"A person's a person, no matter how small. - Dr. Suess #WAAR #SemST",Legalization of Abortion,AGAINST
@SenTedCruz Great job on @TODAYshow. #Scotus should have been eliminated 41 years ago when they called for the murder of children. #SemST,Legalization of Abortion,AGAINST
#PeoplesDebate Better every child born out of marriage + every mothers get #loneparents allowance than there be a single #VinB #SemST,Legalization of Abortion,AGAINST
"Is #America still ""One Nation Under God"" #violence #racism #samesex #LustWins #populationcontrol #hate #atheism #Secularism #SemST",Legalization of Abortion,AGAINST
"@ShowTruth Keeping pregnant people safe is a great reason for abortion, though.",Legalization of Abortion,FAVOR
"I get the whole ""Kill your darlings"" advice, but I feel like an abortionist with all these unfinished stories. #Writing  #Literary #SemST",Legalization of Abortion,AGAINST
coffee out the nose or down the windpipe... next time... we're going for out the nose #thoughtiwasgonnadie #SemST,Legalization of Abortion,AGAINST
No ones fenna die from this heat on my watch. #SemST,Legalization of Abortion,NONE
"Well now that marriage is out of the way we can focus on abolishing abortion, stoping the murders of unborn children #SemST",Legalization of Abortion,AGAINST
@DardenMBA As a former fetus I oppose #ProlifeYouth #SemST,Legalization of Abortion,AGAINST
"Put into perspective: Est 32,000 rape-caused pregnancies/yr = 22x less than est 730,000 abortions/yr. #StrawMan #WarOnWomen #SemST",Legalization of Abortion,AGAINST
When Laws are passed by SCOTUS that defy a Gods laws it is always the children who suffer. God bless the children. #promarriage #SemST,Legalization of Abortion,AGAINST
"We all have a duty to protect the sanctity of life...from the first cell division, to the last. #ProtectLife #pjnet #ctot #ccot #SemST",Legalization of Abortion,AGAINST
@rosaryrevival When we #PrayTheRosary lest we forget to #Prayforpersecutedchurch #PrayForIsrael #PrayForUkraine,Legalization of Abortion,NONE
I truly believe that #BlackLivesMatter and that's why I'm against Planned Parenthood. #ycot #SemST,Legalization of Abortion,AGAINST
"deep-seated cultural codes, religious beliefs and structural biases have to be changed No, @HillaryClinton now what? #SemST",Legalization of Abortion,NONE
It is a poverty to decided that a child must die so that you may live as you wish. -Mother Teresa #SemST,Legalization of Abortion,AGAINST
@AzzarelliJim Not so great for the women you want to force to give birth against their wills. #rapeculture #SemST,Legalization of Abortion,FAVOR
Please pray for mercy for #AndrewChan & #MyuranSukumaran #IStandForMercy #KeepHopeAlive #Bali9 #SemST,Legalization of Abortion,NONE
everyone should have the right to make their own reproductive choices & recieve safe medical treatment without stigma. #SemST,Legalization of Abortion,AGAINST
"Yep. RT: ""Defunding PP won't mean fewer abortions. It will mean more dead women. #prochoice"" #1in3",Legalization of Abortion,FAVOR
@smalldoctor15: What is postinor popularly used for? #SemST,Legalization of Abortion,NONE
Everyone who disagrees has always had the right to mind their own damn business!!!! #LoveWins #SemST,Legalization of Abortion,NONE
"Democrats are always AGAINST ""Personhood"" or what they perceive to be legislation to recognize #Personhood. Always. #Colorado #SemST",Legalization of Abortion,AGAINST
You support #abortion? Never had an abortion? You'll still have to give account to your Creator for the taking of innocent life. #SemST,Legalization of Abortion,AGAINST
#ProLifeYouth if you are truly a feminist you would be fighting for the woman's life that is in the womb. #AllLivesMatter #SemST,Legalization of Abortion,AGAINST
@vandergraafly Keep up the good work! They are nutters #SemST,Legalization of Abortion,NONE
"#Abstinence proponent #BristolPalin, pregnant with second child, conceives of #humility.  #MirthControl #BirthControl #SemST",Legalization of Abortion,NONE
Why do we think we can outsmart #satan when he has been at it for over thousands of years? #scotus #marriage #isis #LoveWins #SemST,Legalization of Abortion,NONE
"HOW COULD I DIE BEFORE EVEN I BORN,TO YOU I AM JUST TINY LITTLE THING THAT DOESN'T MATTER #SemST",Legalization of Abortion,AGAINST
Like the govt. is literally taking away your right to live your own life by defunding right now #SemST,Legalization of Abortion,FAVOR
"@TheFullBug Dehumanizing? Why are you dehumanizing the pregnant person? They're more than walking incubators, and have rights! #SemST",Legalization of Abortion,FAVOR
"@enilk1988: @Chris_1791 @Doodisgirl   thought it was just tissue"" #SemST",Legalization of Abortion,AGAINST
"In the aim for equality we have forgotten the most innocent, the smallest, the most precious among us. The unborn. #catholic #SemST",Legalization of Abortion,AGAINST
Don't see the big deal about all this #SemST,Legalization of Abortion,AGAINST
"If the fetus isn't inside you, than shut up love #SemST",Legalization of Abortion,FAVOR
U.S. Fed law does nothing to prevent killing of pre-born children even up til sec of birth or seriously address root causes of #SemST,Legalization of Abortion,AGAINST
That's like being into cannibalism but against abortion.comparing being against eggs but loving chicken. #cannibalism #analogy #SemST,Legalization of Abortion,AGAINST
" If abortion is not wrong, then nothing is wrong.   Powerful words from Blessed Mother Teresa.    #SemST",Legalization of Abortion,AGAINST
"RT @ProLifeYouth: ""It seems to me clear as daylight that abortion would be a crime."" -Ghandi  #ProLifeYouth #SemST",Legalization of Abortion,AGAINST
.@giannaberettamo @GiaMolla @sphcs_news Happy feast of St. Gianna Beretta Molla! May she pray for us! #SemST,Legalization of Abortion,AGAINST
So mint!  Listening to @GlennBeck LIVE & he s talking about #MargaretSanger being total Evil. Even if you're pro-#Abortion! #SemST,Legalization of Abortion,AGAINST
Coming from a female that was taken away the ability to have children. I still believe women should have the ability to choose. #SemST,Legalization of Abortion,FAVOR
"@LifeMattersJrnl Once again, whose body do you have a ""right"" to use w/out consent? Still waiting. #rapeculture #SemST",Legalization of Abortion,FAVOR
@sassy_gramma Good point but  Our heart starts beating 22 days after conception we are alive at conception. #SemST,Legalization of Abortion,AGAINST
"And do not kill ur children for fear of poverty. We provide for them & for u. Indeed, their killing is ever a great sin. #Quran #SemST",Legalization of Abortion,AGAINST
Kudos to the mentality that believes people who are dumb enough to not use protection are 'mature enough' to take care of a baby. #SemST,Legalization of Abortion,FAVOR
"Plenty of stem cells without baby smashing, by the way. #SemST",Legalization of Abortion,AGAINST
"@ProLifeYouth Precisely! In God's eyes, ALL life is precious. Let's make this generation the one who ends abortion! #ProLifeYouth #SemST",Legalization of Abortion,AGAINST
"@conspiracyimage @ThislsAmazing actually noone said they dont consider it life, and an abortion is between a woman and her doctor #SemST",Legalization of Abortion,FAVOR
".@DRUDGE_REPORT not sure I agree with her decision but, it is her decision.I wonder how many of the critics would support abortion? #SemST",Legalization of Abortion,FAVOR
How the fuNk is Chris Christy a Republican? Oh Yeah hes a RINO #1A #2A #NRA #COS #CCOT #TGDN #PJNET  #WAKEUPAMERICA #SemST,Legalization of Abortion,AGAINST
"@SCOTUSblog My @TheGoodGodAbove, is it 1973 already? #SemST",Legalization of Abortion,NONE
"Selfish men everywhere: ""#BirthControlHelpedMe cheat on my wife! But she found out anyway & our marriage was destroyed. #SemST",Legalization of Abortion,NONE
Lmao my school thinks giving women the right to an abortion is against feminism. They don't know feminism #wtf,Legalization of Abortion,FAVOR
We are surprised at #SCOTUS ruling on marriage? Isn't this the the same government agency that legalized murder? #SemST,Legalization of Abortion,AGAINST
"RT @ORConservative: @POTUS @Pontifex Everybody but the unborn, right? #SemST",Legalization of Abortion,AGAINST
"What a great 7 days to be an American, especially a Texan. #SCOTUS  #LoveWins #Obamacare  #SemST",Legalization of Abortion,FAVOR
"RT @TheKeyisPrayer: ""No law can give me the right to do what is wrong.""  -Abraham Lincoln",Legalization of Abortion,AGAINST
@SteveStfler too many people are taking this to seriously #SemST,Legalization of Abortion,NONE
"Abortion is on the wrong side of history: healers, inventors, artists, your wife, your husband, your best friend, all eliminated. #SemST",Legalization of Abortion,AGAINST
Thr r no rights w/o responsibilities. The rt 2 bodily autonomy comes w/ the responsibility 2 care 4 1's unborn child #ProLifeYouth #SemST,Legalization of Abortion,AGAINST
"you have to live with that murder I am speechless with rage , hurt and complete disgust.Finding it V.hard to hold my tongue here #SemST",Legalization of Abortion,AGAINST
We're at a moment where we need the kind of intergenerational dialogue that RBG brings @irin  @AspenInstitute Spotlight:Health #SemST,Legalization of Abortion,NONE
"@WayneSense ""In check"" is putting it nicely. #MargaretSanger #SemST",Legalization of Abortion,NONE
Gets rid of a daughter and pretends she never existed. #ParentTrapPlot or #SemST,Legalization of Abortion,AGAINST
Pro-Choice is meaningless. Say what you mean. You stand for the right to choose to kill. #SemST,Legalization of Abortion,AGAINST
Bigger problems 4 #Christians than same sex #marriage: #worldhunger #cleanwater #sextrafficking #slavelabor #womensrights #thelost #SemST,Legalization of Abortion,NONE
@WhiteHouse  @POTUS All children except the millions that have been aborted #everylifematters #SemST,Legalization of Abortion,AGAINST
I refuse 2comply w/Bad laws. Just Because #SCOTUS forced laws on us does NOT make them right. They force bad laws on us: #SemST,Legalization of Abortion,NONE
Woe to those who call evil good & good evil. Isaiah 5:20 #SCOTUSMarriage #SemST,Legalization of Abortion,NONE
" Mary, Help of Christians persecuted everywhere, pray for us!  #HolyLove #UnitedHearts #MaranathaSnS #profamily #1m1w #marriage #SemST",Legalization of Abortion,AGAINST
Women's rights are a joke.  Omg I can't even. Lol go thank your mom for keeping you. #SemST,Legalization of Abortion,AGAINST
Peer pressure is real! Parents also need to get real! Lay the facts right on sex! To those who are misleading shame on u! #SemST,Legalization of Abortion,NONE
@LifeNewsHQ What could have happened in her past to make her the cruel & frighteningly hard-hearted woman she is? #waronwomen #SemST,Legalization of Abortion,NONE
So ready for my abortion debate  #SemST,Legalization of Abortion,NONE
How Ohio is secretly as restrictive as Texas with their #antichoice laws #TRAPlaws #SemST,Legalization of Abortion,AGAINST
The day that love will truly win is the day that the injustice known as abortion is abolished. #AllLivesMatter #SemST,Legalization of Abortion,AGAINST
Of mothers advising their daughter's to abort are insane! It's unacceptable!! #Condoms #ItsNotOnItsNotSafe #SemST,Legalization of Abortion,AGAINST
When you bring up the 50 million black babies aborted in the past 30 years people get offended... #SemST,Legalization of Abortion,AGAINST
@__HisKindaCrazy @_QueenTacoBell @thumperbunny88 Abortion is NOT illegal and I would never judge a woman for making that choice. #SemST,Legalization of Abortion,FAVOR
"Sweat, killed and cut up his victim, extreme deadbeat parents do the same to innocent babies by abortion, #scotusabortion #SemST",Legalization of Abortion,AGAINST
#SoProLife they want to force Texans to carry pregnancies that WON'T EVEN PRODUCE LIFE. #SemST,Legalization of Abortion,FAVOR
@HillaryClinton Don't you mean to say (all children deserve the same chances) except the UNBORN CHILDREN?     #SemST,Legalization of Abortion,AGAINST
Still waiting for Libs to explain how the premeditated murder of a premature baby is reproductive healthcare. #ccot #SemST,Legalization of Abortion,AGAINST
RT @PinkGypsySoul: The single most important factor for women's advancement in society is our ability to control our fertility. #SemST,Legalization of Abortion,FAVOR
"@FollowFIDF The Gods #Law, the #Truth, is being #supressed! They thing they are eternal! #gaymarriage #LoveWins #SemST",Legalization of Abortion,NONE
@LilaGraceRose defunding PP won't mean fewer abortions. It will mean more dead women. #SemST,Legalization of Abortion,FAVOR
