Tweet,Target,Stance
@bethany_jayneW its cool I got the greenlight I'm back on ur side #SemST,Feminist Movement,NONE
Ignoring peer-reviewed research and empirical evidence is such a feminist thing to do. #GamerGate #NotYourShield #SemST,Feminist Movement,AGAINST
"Heads up, everyone in America benfits from #SemST",Feminist Movement,AGAINST
In reading the #BeingFemale tweets I realized how fortunate I am to be able to rent and live in an apartment alone. #rights #fight #SemST,Feminist Movement,AGAINST
@YMFROMTHEBLOCK YES girl you can put almost anything in that joint #Islam #SemST,Feminist Movement,NONE
They don't call it MALE-volent for no reason #SemST,Feminist Movement,FAVOR
So now I'm sexist for saying that if a women can't deal with a bad joke she's going to suffer when it comes to adv maths  #SemST,Feminist Movement,AGAINST
I don't understand how the concept of a male being a feminist doesn't get in some peoples heads. Equality? Anyone? #feminist #SemST,Feminist Movement,FAVOR
@TheSun @George_Osborne Innocent men should NOT be convicted of domestic violence! #SayNoToFeminism #SemST,Feminist Movement,AGAINST
Feminism is Radical Islam painted in pink.   #GamerGate #SemST,Feminist Movement,AGAINST
Shhhh! @Bayonethics can't you see @monikarmoore is bragging? Even feminists have the right to be bitches... #GamerGate #SemST,Feminist Movement,FAVOR
I believe that every women should have their own rights!! #SemST,Feminist Movement,FAVOR
"@BizerBizer @GiftofGodsFavor It's a sexist, misandrist whine-fest drenched in victimhood. #SemST",Feminist Movement,AGAINST
"DEAR FEMINISTS IN GAMING  Respect is earned with hard work, not playing the victim.  #GamerGate #SemST",Feminist Movement,AGAINST
"Hey first-world country white women bitching about gender inequality, you're going to be fine #killallmen #SemST",Feminist Movement,AGAINST
TASK 1.Present a feminist the fact most infanticides are perpetrated by the mother.  2.She will blame it on a male(s). #SemST,Feminist Movement,AGAINST
"@camerongreen22 Young man, stop wearing your sister's clothes and makeup. You look ridiculous. #SpankAFeminist #SemST",Feminist Movement,AGAINST
I love that girl @EricWynalda on @meganrapinoe_15 What the hell @FOXSports1? Way to diminish women's soccer #USWNT #SemST,Feminist Movement,FAVOR
feminists be like: don' judge a book by its cover! unless the cover is a straight white male. #SemST,Feminist Movement,AGAINST
I can't believe some of the reasons people say they need feminism. I need my dog for half of the same reasons.  #antifeminist #SemST,Feminist Movement,AGAINST
"@CurlyChloe_ psst, it can't get anymore equal so....now it is a joke!  #SpankAFeminist  #dontmancriminate  #feminist #SemST",Feminist Movement,AGAINST
The rule of attention is you always get both: wanted and unwanted. But Feminists hypocrites only want one. #GamerGate #SemST,Feminist Movement,AGAINST
"It's not a pleasant world, where if you disagree with feminists, you have to fear for your life and freedoms #SemST",Feminist Movement,AGAINST
"@arristotlee Thank you, #progressive-minded pursuers of familial and societal Dystopia. #Democrats #Liberals #SemST",Feminist Movement,NONE
"Grr! That subject is not allowed to be joked about! - Typical Feminist, regarding every topic of humor #SpankAFeminist #SemST",Feminist Movement,AGAINST
"the Left 10 years ago ""Keep government out of our bedrooms"" Today: ""you must verbally consent to every step"" ""no drunk sex #SemST",Feminist Movement,AGAINST
"@DFoxtrot15 @FeminismIsLies so labeling womne? OMG SEXISM! labeling men? well, most men are like that, so... #SemST",Feminist Movement,AGAINST
How to spot a fashion-#Feminist - they claim feminism is about equality. Feminist actions demonstrate otherwise. #SemST,Feminist Movement,AGAINST
were even is the clifford on a Virginia? #stophidingit #SemST,Feminist Movement,NONE
RT @WGSndsu: Let's demand less cat-calling and more cats! #ndsufeminist #Feminist #cats #DogsCanComeToo #SemST,Feminist Movement,FAVOR
"Women don't make 75% less than men for the same job. Women, on average, make less then men. Look it up feminazis. #EqualPayDay #SemST",Feminist Movement,AGAINST
"RT EmilAaslund: Dear third wave feminists: I hate you, not women. Get your definitions straight. #GamerGate #slipperyslope #NotYo... #SemST",Feminist Movement,AGAINST
@fingilgun and the sad part is they dont they hate people with their own thought experiences and worse of all voice #SemST,Feminist Movement,AGAINST
#feminists gave women the right to vote. #feministsareliars Nevermind 2/3 of men that voted to give them that right. #SemST,Feminist Movement,AGAINST
#narcissism another character trait of most #feminist convenience #SemST,Feminist Movement,AGAINST
pls don't h8 me my last tweet was OBVIOUSLY a joke #luv #rightsforall #SemST,Feminist Movement,NONE
"A ""Strong Feminist"" on Twitter is measured by how much she can type without thinking first. (then delete) #GamerGate #SemST",Feminist Movement,AGAINST
I'm glad I was able to raise my kids n a time when my educated mothering decisions for my family were not vilified. #nonvaxxerhere #SemST,Feminist Movement,AGAINST
"IF FEMINISTS WERE HONEST   ""I want a worldwide matriarchal dictatorship with all men enslaved to women""   #GamerGate #SemST",Feminist Movement,AGAINST
Always a delight to see chest-drumming alpha males hiss and scuttle backwards up the wall when a feminist enters the room. #manly #SemST,Feminist Movement,FAVOR
The meaning of peace is the absence of opposition to socialism. #GamerGate #SemST,Feminist Movement,NONE
@Demias20  Misogynist Patriarchy rapist neckbeard Harasser evil mansplain manspread woman hater born a rapist Etc Etc Etc #SemST,Feminist Movement,FAVOR
"MRAs just tried to ""enlighten"" me, which went about as well as the flight of the Hindenburg. #SemST",Feminist Movement,FAVOR
We live in a world where you're either a bitch or a doormat #SemST,Feminist Movement,FAVOR
"History is ""his story;"" we need ""her story"" too! #SemST",Feminist Movement,FAVOR
Ok armchair feminists got their panties wet. If you're a social justice warrior go out and do something. Get off tumblr.  #SemST,Feminist Movement,AGAINST
Selective listening a #character trait of convenience #feminists #SemST,Feminist Movement,AGAINST
"Interesting in the video she kidnaps and tortures(tying up, confinement, etc) the wife or GF of the evil accountant #SemST",Feminist Movement,AGAINST
...OR SLOW DOWN YOUR CALL TO YELL AT ME WHILE I WAIT FOR THE BUS!!! #WHATTHEACTUALFUCK #SemST,Feminist Movement,AGAINST
"Im sorry if you going to be with me and call me ""you women"" like im a cadigory ill probably but boot out the door #SemST",Feminist Movement,FAVOR
"One time I said girls don't like being called sluts to a guy and he said ""you can't speak for everyone #SemST",Feminist Movement,FAVOR
hey @JCDFitness stop teiggering me with ur man gap on the bus i will fight the patriarchy until ur in jail. ty #Equality2015 #SemST,Feminist Movement,FAVOR
"#LikeAFeminist I think any woman who doesn't identify as a feminist has ""internalised misogyny #SemST",Feminist Movement,FAVOR
These pics of #pornstars with/without makeup? Just perpetuating the myth that women need makeup to be considered pretty. #SemST,Feminist Movement,FAVOR
It's not about making women stronger. Women are already strong. It's about changing the way the world perceives that strength ! #SemST,Feminist Movement,FAVOR
@fxckyoustagram u have no reason to need feminism in the 1st world.u are equal. Stop trying to make a case for victimhood. #SemST,Feminist Movement,AGAINST
RT @rossansguil: Nothing like dudes joking about molesting me right to my face... #SemST,Feminist Movement,FAVOR
"@Noin007 though I'm not a girl so maybe I'm not  qualified to comment on women's issues, according to #SemST",Feminist Movement,AGAINST
"@abbeysaurusrex_ C) the hell was that video? D) the guy spelled ""break"" wrong. E) if Megalodon is alive maybe it's a she Brewer #SemST",Feminist Movement,NONE
Feminism is built on hatred. Nothing to do with equality or any other humanitarian grounds #Don'tMancriminate #SemST,Feminist Movement,AGAINST
#HowToKeepYourGirlHappy treat her like your partner & not like your superior #SemST,Feminist Movement,AGAINST
"@POBREClTA @JustLove_Katie @WillBrianna ""running your dick sucker"" yes because THAT is the purpose of your mouth lol #SemST",Feminist Movement,AGAINST
DEAR FEMINISTS  So I am a waste of time for not joining your feminist cult? Mormons say the same when close the door. #SemST,Feminist Movement,AGAINST
men suck. women suck. everybody sucks #SemST,Feminist Movement,AGAINST
@RiotChildArmy Even though we all know which gender is superior. =) #SemST,Feminist Movement,FAVOR
stop with the male animators we want female animators  #SemST,Feminist Movement,FAVOR
Suns out....  Dresses out...  #StreetHarassment out...  This shouldn't be daily life  #YesAllWomen @EverydaySexism #SemST,Feminist Movement,FAVOR
Some feminist's would shut down the entire global porn industry & put millions on benefits/welfare & not even care #SemST,Feminist Movement,AGAINST
What a wonderful interview with @blakelively in @StylistMagazine. Very refreshing feminist views #SemST,Feminist Movement,FAVOR
"@PennyRed Do realise that you've painted all ""men"" with the same brush. So ""wilfully ignorant"" could be used to describe you #fail #SemST",Feminist Movement,AGAINST
@WomensPowerHub @AlessandroCynic the fact you asked someone you blocked If they were now happy.....#SpankAFeminist #SemST,Feminist Movement,AGAINST
"watching #BaltimoreRiots on Fox news, obvious feminist and her goony beardman following the reporter around for attention #SemST",Feminist Movement,AGAINST
Women get paid far more than men to appear in pornography. How come no one is talking about this blatant sexism?!  @amazingatheist #SemST,Feminist Movement,AGAINST
Or maybe I'm just cross because I'm hungry... hmmmm #SemST,Feminist Movement,NONE
"If feminists spent 1/2 as much time reading papers as they do tumblr they would be real people, not ignorant sexist bigots. #SemST",Feminist Movement,AGAINST
feminism appeared for ray rice domestic violence but disappear for hope sole's #doublestandards #SemST,Feminist Movement,AGAINST
"Extinction of insects,dangerous herbs,gigolo services,religious fanaticism,fake BEERcans-Y Malaysia Radio&media FAIL2discuss? #SemST",Feminist Movement,NONE
Staying well informed on sexual violence in the news is important yet often leaves me ranting at screen. #rapeculture #SemST,Feminist Movement,FAVOR
I am a feminist.I've been a female for a long time now.It'd be stupid not to be on my own side-Maya Angelou-#feminist #humanist #SemST,Feminist Movement,FAVOR
"Goldstein is the #SanFrancisco City Archivist, she asks ""Where are the women in the history of our city?"" #alaac15 #archives #SemST",Feminist Movement,FAVOR
"With Hillary's lead over Sanders narrowing, how long before Bernie is accused of misogyny?  #tcot #SemST",Feminist Movement,AGAINST
Women are not going to be equal outside the home until men are equal in it-- Gloria Steinem  #women #men #SemST,Feminist Movement,FAVOR
@Body_in_Mind SJWs prove that people are perfectly capable of acting against metaphysically given reality. #gamergate #SemST,Feminist Movement,NONE
"@fdGhtP54 @_Lemaign @kungfuman316 as I said, most friends I made of sex appeal to me, but I do what I must, FOR #SemST",Feminist Movement,NONE
#HowToSpotAFeminist?->  7 Feminists compare themselves to successful men & non feminist women to harbor jealousy.  #SemST,Feminist Movement,AGAINST
"RT mojibakemono: I'm going to take a nap, I'll follow everyone back when I wake up #OpSKYNET #GamerGate #NotYourShield #SemST",Feminist Movement,AGAINST
The single biggest stimulus the economy can have is equal pay. - Gloria Steinem #alaac15 #SemST,Feminist Movement,FAVOR
Wow @fernemccann  you are beautiful even make up free! #girlpower #SemST,Feminist Movement,FAVOR
"RULES TO LIVE BY  Seek logic in things, even if it looks like a waste of time, including feminism.   #GamerGate #SemST",Feminist Movement,AGAINST
Great to see singer turned activist @charlottechurch on the stage to interview @pussyrrriot #Glastonbury #glasto #charlottechurch #SemST,Feminist Movement,FAVOR
God did not want you to have the same opportunity as men so are you saying God is wrong? #SemST,Feminist Movement,AGAINST
"Because heckling #YesAllWomen & screaming ""LOOK AT ME!"" all day is an excellent way to show us you are a serious individual  #SemST",Feminist Movement,AGAINST
"I have seen feminists disagree by saying ""shut up."" Aside from simple manners, this treatment of others is befuddling. ~ @lizfurl. #SemST",Feminist Movement,AGAINST
@Not_Jaewon_Kang lol Jaewon you are so good in the hood! We just like poetry over pressing issues #SemST,Feminist Movement,NONE
"@HiddenTara No one wants to see #Feminists naked, so the petty, vindictive bytches want to drag everyone else down to their level. #SemST",Feminist Movement,AGAINST
"DEAR FEMINISTS  The problem with abortion is not "" too many rapes"" it is too much fucking WITHOUT condoms   #GamerGate #SemST",Feminist Movement,AGAINST
"Modern marriage is like a modern car, shinny, disposable and not made to last.   #GamerGate #SemST",Feminist Movement,AGAINST
"I refuse to accept that there is a unbreakable glass ceiling, after all if you hit glass hard enough it will shatter #glassceiling #SemST",Feminist Movement,FAVOR
"Those fucking feminists...   Sir Tim Hunt was fired over lies. Following his joke, he praised women in science.   #SemST",Feminist Movement,AGAINST
"I HOPE YOU GET RAPED is apparently how misogynists say ""How dare you not bend to my will?""  #YesAllWomen #SemST",Feminist Movement,FAVOR
#HowToSpotAFeminist?->  10 Feminists struggle to control their lives and try to micromanage other women's lives.  #SemST,Feminist Movement,AGAINST
"M: FEMINISTS NEED TO GROWA SENSE OF HUMOR W: Okay. (sips from ""Male Tears"" mug) M: AAIGH!  MISANDREEEEEEEEEEE  #YesAllWomen #SemST",Feminist Movement,AGAINST
Contrary to stereotype I see feminists all over social media championing causes that benefit men. #YesAllWomen #HeForShe #SemST,Feminist Movement,FAVOR
"Feminists saying they are ""atheists/skeptics"" is quite a contradiction as they worship their own vulva.   #GamerGate #SemST",Feminist Movement,AGAINST
Just read a rather good article on females and their perceived/imposed limits throughout the education system and the work place #SemST,Feminist Movement,FAVOR
"If you're a feminist, stop whining on the internet and step up your game. Guys in Baltimore riot for their cause. Get shit done. #SemST",Feminist Movement,AGAINST
"CREATIONIST OK, you clearly don't know what the word of God is!  FEMINIST OK you clearly don't know what feminism is!  #SemST",Feminist Movement,AGAINST
"So, I'm following @rgay's lead & embracing the term #badfeminist. I'm too far from perfect and still learning. #SemST",Feminist Movement,FAVOR
"After a gr8 day for US equality, I think of the girls who pose with @DanBilzerian; setting female equality back 40yr #gaymarriage #SemST",Feminist Movement,FAVOR
Why is Paul Elam not one of the most hated men alive right now!? #feminist #SemST,Feminist Movement,FAVOR
@deanesmay @JenMurray41 Bc feminists know everything about being a man. #SpankAFeminist #gamergate #SemST,Feminist Movement,AGAINST
"@kbambi1376 It's not a conscious choice that's made. Betas make women feel unsafe, unprotected, right? #SpankAFeminist #SemST",Feminist Movement,AGAINST
When is it ok for a married 49-year-old CEO to use his power and influence to shag his 22-year-old intern? #AskHillary #SemST,Feminist Movement,FAVOR
"For Us, By Us: These Apps Are What Happens When Girls #HackForGirlsRights via @autostraddle #girlsintechht.../buff.ly/1HHhM18 #SemST",Feminist Movement,FAVOR
".@nycinterlude Don't worry, honey. Intelligence is a roadblock to full, unquestioning faith in feminism. Bleated be! #SemST",Feminist Movement,AGAINST
@beeeatles is this list for real? Please god it better be a joke. No man or woman should ever pay attention to this shit. #pissed #SemST,Feminist Movement,NONE
Why don't you love me Twitter #SemST,Feminist Movement,NONE
"Time to go hashtag crazy, then... #Folklore #UKTourism #Britain #Storytelling #Myth #Legend #Equality #Multicultural #Folk #SemST",Feminist Movement,NONE
Wonder what it'd be like to wear a dress and NOT be sexually harassed for it.  #YesAllWomen #SemST,Feminist Movement,FAVOR
I brace myself for the onslaught anytime I walk by any man on the street.  #catcalling #streetharassment #equality #sexism #SemST,Feminist Movement,FAVOR
Men want women to take their name in marriage for male pride. Because female pride doesn't matter. #genderequality #SemST,Feminist Movement,FAVOR
#HowToBeUnhappyLikeAFeminist?  Feminists fill their conversations with gossip & HATE AKA #killallmen.  #GamerGate #SemST,Feminist Movement,AGAINST
"IF FEMINISTS WERE HONEST ""Be careful, don't say 3rd world women suffer more or I will say you are a rapist"" #GamerGate #SemST",Feminist Movement,AGAINST
when you get sexually harassed twice  #SemST,Feminist Movement,FAVOR
".@GloriaSteinem said, ""Women are not going to be equal outside the home until men are equal in it."" Do you agree? #antifeminism #SemST",Feminist Movement,AGAINST
"People think because I'm a feminist I hate men. No I'm a feminist, I believe in equality for all. #EqualityForAll #SemST",Feminist Movement,FAVOR
"@AnandDaranand am not stopping your FOE on ur own TL,if u notice;was encouraging u to post topics I'm interested in on my TL #VAW #SemST",Feminist Movement,NONE
Pop quiz: Whats the greatest fear of the oppressor? #humanrights #BlackLivesMatter #SemST,Feminist Movement,NONE
@spectator exactly women are so weak and incapable the sight of one in a slim skin is giving them an attack of the vapours #SemST,Feminist Movement,AGAINST
RT @LeexxxW: So #SpankAFeminist is sooooo horrible but #killallmen is perfectly fine ! I see how it is!! #SemST,Feminist Movement,AGAINST
"Their other complaints are just fake shit they made up, this on the other hand is amazingly controlling and entitled 2/ #SemST",Feminist Movement,AGAINST
@stephspickle they make me smile :) #SemST,Feminist Movement,AGAINST
"I feel so self-conscious now. THAT'S what catcalls do. Not flattered, not pretty. I feel anxious and wanna go home. #SemST",Feminist Movement,AGAINST
Because all human beings are created equally by nature. #SemST,Feminist Movement,FAVOR
You don't have to be anti-men to be pro-women. ~ #SheQuotes #Quote #women #men #SemST,Feminist Movement,FAVOR
WHEN A FEMINIST IS IRRITABLE AND PREACHING FEMINISM YOU KNOW SHE'S MISPLACED HER VIBRATOR. #feminist #Feminists #SemST,Feminist Movement,AGAINST
"I only ever see ""meritocracy is a myth"" being pushed by people with no skills trying to buddy-buddy their way to the top. Hmm. #SemST",Feminist Movement,NONE
"We teach the young rubbernormative messages about how they ""should"" use condoms, as if rawdogging is somehow wrong #teamnocondom #SemST",Feminist Movement,NONE
"@__florencesmith Not ""if"" - women do have equal rights & feminists have made women more equal than men. Go read ""Animal Farm #SemST",Feminist Movement,AGAINST
"@_sarcasmspasm @MT8_9 Then there's the added level of irony: Their chosen figureheads: Not really ""body positive"" amirite? #SemST",Feminist Movement,AGAINST
"My feminist heart is so angry right now, wish I could scream my hate for inequality right now. At the top of my lungs. #SemST",Feminist Movement,FAVOR
"People say I'm a bit young to be into politics. But honestly, I just stand for what I believe in. #MarriageEquaility #coexist #SemST",Feminist Movement,NONE
Feminists spread misandry. Always try two  create gender conflicts.   #FeminismIsCruelty #dontmancriminate #SemST,Feminist Movement,AGAINST
i wish people would understand that true feminists want equality for everyone (even men) not just girls . #SemST,Feminist Movement,FAVOR
"What about how in the world of weed, the male plants are mostly deemed useless as they only produce seeds & don't flower #SemST",Feminist Movement,AGAINST
@rsiereilly I've been pretty well. Enjoyed your response to #SemST,Feminist Movement,NONE
"#WeNeedFeminism because #NoMeansNo it doesnt mean yes, it doesnt mean try harder!  #YesAllWomen @yesallwomen #RT #SemST",Feminist Movement,FAVOR
RT @WeNeedFeminism: 'BAD BITCH' is not a compliment #SemST,Feminist Movement,FAVOR
Thought that goes through my mind on a regular basis: would you have said that to me if I was a man? #SemST,Feminist Movement,FAVOR
V! Can't wait to see you! # #SemST,Feminist Movement,NONE
I will say it again: only a low self esteem person will be oppressed by bikini/models ads. Get help #SemST,Feminist Movement,AGAINST
Misogynist abuser @NickRinke whining that feminists are blocking him. Let's make his day and all bock him. #YesAllWomen #SemST,Feminist Movement,FAVOR
Staying silent after being raped so as not to get charged with adultery is an expression of my #SemST,Feminist Movement,FAVOR
Feminism is a fashionable form of narcissism because personal trauma & personal retribution is what drives feminists. #SemST,Feminist Movement,AGAINST
"Wanna hear the two funniest words in the English language right now?  Feminist fellowship.   Geddit? Fell, ow, ship?   #SemST",Feminist Movement,AGAINST
What a real #Patriarchy and #RapeCulture looks like. #BeingFemaleInNigeria  #pjnet #GamerGate #SemST,Feminist Movement,AGAINST
WHO DO I GOTTA FUCK TO NEVER FEEL LIKE I GOTTA FUCK SOMEBODY? #SemST,Feminist Movement,NONE
"@moderncomments Oh, come now! We both know she doesn't mean it *like that* -- only when it's advantageous! #SemST",Feminist Movement,AGAINST
"It is not up to you to contemplate getting fired, feminists WILL get you fired @Mercurial891 @MGTOWKnight  #GamerGate  #SemST",Feminist Movement,AGAINST
@EmWallbank listen well I'm ready to tell about a need that I cannot deny #hsmsong  #SemST,Feminist Movement,NONE
Speaking from the heart is rarely wise especially if you have a retarded heart like most feminists.   #GamerGate #SemST,Feminist Movement,AGAINST
Never settle for anything less than your are worth. #SemST,Feminist Movement,AGAINST
All mascots in women's world Semi-final are girls?... #Equalityforall #SemST,Feminist Movement,AGAINST
@Martin_chris4 Car women will as well. #SemST,Feminist Movement,AGAINST
#WeNeedFeminism because #YesAllWomen simply do not get the same level of respect that I get as a man. #HeForShe #SemST,Feminist Movement,FAVOR
@suicidaljac3 eat a pus or somethin lozer #SemST,Feminist Movement,NONE
Today we watch the United States Supreme Court. #SemST,Feminist Movement,NONE
We are actually watching a video on radical feminism in history this is the funniest movie ive ever seen #SemST,Feminist Movement,AGAINST
"don't let anyone else's perception of you define you or your beliefs, and don't feel you have to justify your own worth #SemST",Feminist Movement,FAVOR
"With or without this farmer's tan, I bang bare bitches #MisogynistColloquialisms #DontSayBitch #SemST",Feminist Movement,NONE
What the fuck do women even do? I mean seriously they're just useless other than sex.  #womensrights #Feminist #SemST,Feminist Movement,AGAINST
Can't find it in me to be friends with people who throw around the word 'slut' or judge women for being sexual beings. #Equality #SemST,Feminist Movement,AGAINST
Walking through my neighborhood i saw 5 different fathers taking care of the toddler with no woman nearby  #househusband #SemST,Feminist Movement,FAVOR
Just watched Mad Max: Fury Road.  Amazing! Everything! And as a woman watching this film... Amazed. #MadMaxFuryRoad #SemST,Feminist Movement,NONE
"Mind you, if your grandmother was cremated you could give yourself an enema with her ashes @beauschopstick  #GamerGate #SemST",Feminist Movement,AGAINST
Pushing misinformation about #wagegap is the new anti vaccination. #SemST,Feminist Movement,AGAINST
"my coworker called me gay because i didn't stare at these girls who came in, SORRY but i respect women and this is why i need #SemST",Feminist Movement,FAVOR
I just yelled at my boyfriend for trying to let me win for Mortal Kombat X. #SemST,Feminist Movement,FAVOR
@staacy_weedy @levithekid2 @alexaa_Mccune that is true I can't compete with you #SemST,Feminist Movement,NONE
"Even if I didn't love @taylorswift13's music, I'd still be a fan. She's a brilliant young woman. #SemST",Feminist Movement,NONE
Here we are fighting for equality when @Wimbledon decide to only allow ladies heat breaks. Do men not get hot too? #SemST,Feminist Movement,AGAINST
Why do girls/women spend so much time to be pretty and attractive and then complain if they're reduced to a sex symbol? #SemST,Feminist Movement,AGAINST
"There is one more basic cause [of the abuse of women], and that is that, in general, men don't give a damn. (Jimmy Carter) #SemST",Feminist Movement,AGAINST
I won't complain about equal rep of girls in gaming. Princess Peach & Zelda are kick-ass women. Samus is a beast. Hello! #gaming #SemST,Feminist Movement,FAVOR
Feminism then: Fight for women's rights  Feminism now: Find the most petty first world problem to whine about.  #SemST,Feminist Movement,AGAINST
"If I had a dollar for every #Feminist I've wanted to kick in the shin, I could retire and shitpost on twitter all day. #SemST",Feminist Movement,AGAINST
"#LikeAFeminist if you don't identify as a feminist, clearly you don't love yourself sweetie. #SemST",Feminist Movement,FAVOR
"Pissed that I got ""talked to"" but he didn't  #SemST",Feminist Movement,FAVOR
The queen won the royalty race not the king or prince #SemST,Feminist Movement,FAVOR
Mother and I were laughed at by first graders because mother threw a bug on me and we both screamed and ran away #strongwomen #SemST,Feminist Movement,NONE
Saying #AllLivesMatter instead of #BlackLivesMatter is like saying equal rights for all instead of #SemST,Feminist Movement,NONE
The length of time I take in the bath directly relates to what's happening on Twitter #MondayMotivation  #Worlds2015 #SemST,Feminist Movement,NONE
"I guess crying over a NHL player is better/safer than getting violent over one, right? #Saad #Blackhawks #SemST",Feminist Movement,AGAINST
I wonder what would happen if riots started breaking out across the globe because of how poorly women are treated by some men. #SemST,Feminist Movement,FAVOR
@JayAlessandra yeah! I don't need feminism as I like it when my boyfriend chips in on food shops.Also I am too pretty.obvs #SemST,Feminist Movement,AGAINST
"Watch out, the feminists' next move will probably be demanding pay for the First Lady. #SemST",Feminist Movement,AGAINST
"@LaNaria_Athalia Are you using women as sex objects to sell your sexist hate movement, yes you are. #SemST",Feminist Movement,AGAINST
"@shunter395 True, but it's in quotes, and I had to take the opportunity to promote #SemST",Feminist Movement,NONE
"@jowilliams293 Feminists, go to the gym, lose some weight and stop to blame society for everything #SemST",Feminist Movement,AGAINST
Gotta love the respect feminists give to those that don't wanna be a feminist (note the sarcasm) #IDontNeedFeminism #SemST,Feminist Movement,AGAINST
"Old, insecure females forcing hatred of men on a younger generation of women #SemST",Feminist Movement,AGAINST
"Hey fellow Feminists, we need to fight back against this ridiculous war-glorifying that celebrates #men.  #Triggered #Transpatriot #SemST",Feminist Movement,AGAINST
"Meredith giving Don crap was great,but HOLY CRAP PEGGY. No spoilers, but DAMN was it a great scene. #Peggy #MadMen #SemST",Feminist Movement,NONE
"Men that want ""credit"" from women for being feminists are not feminists at all.  They're just men wanting more privileges #vaw #p2 #SemST",Feminist Movement,FAVOR
This feminist supports gender equality because some people believe a woman's value lies in her physical beauty. #SemST,Feminist Movement,FAVOR
Multiple abortions means Feminists are not using the contraceptives THEY THEMSELVES demanded.  #GamerGate #SemST,Feminist Movement,AGAINST
It doesnt take a miracle all takes signature and a few kind people to know not to kill innocent a women #MaryJaneLives #SemST,Feminist Movement,FAVOR
"What do you say to a woman with two black eyes?  Nothing, she's already been told twice.   #SemST",Feminist Movement,AGAINST
I'm going to walk you thru this @helen_a13 because I get feminists have NO idea what they are saying...  @BristolBen #SemST,Feminist Movement,AGAINST
I think if Australia had a female PM n female majority MPs #MarriageEquaility would be legal here now #auspol #SemST,Feminist Movement,FAVOR
"You want to hear something really ugly, 1 in 5 women will be sexually assaulted in their time in college #MisogynyIsUgly #SemST",Feminist Movement,FAVOR
@james_WTF don't be saying these inconvenient truths. It might hurt the narrative. #SemST,Feminist Movement,NONE
People who call themselves beautiful are really the ugliest. #deep #edgy #Philosophy #BaltimoreRiots #Baltimore #SemST,Feminist Movement,NONE
Because the United States is one of the only countries that doesn't give paid maternity leave #SemST,Feminist Movement,FAVOR
usa is only good at futbol if women are playing #SemST,Feminist Movement,AGAINST
@carly_senatore Also im assuming you claim to be one...yet you just called me an idiot and you dont even know me. Nice. #SemST,Feminist Movement,NONE
"GETTING OFFENDED  Is the simplest, most effective lie to manipulate others. Feminism & Religions love it. #GamerGate #SemST",Feminist Movement,AGAINST
"@brandileighhhhh its called sexual coercion, and it is the same as rape. #RapeCulture #SemST",Feminist Movement,FAVOR
Amusing. Feminists fly into a creationist rage whenever their belief in the patriarchy is questioned. #GamerGate #SemST,Feminist Movement,AGAINST
".@cooImemegirl Feminists reject (or ignore the fight for) equality when it might hurt women. That's not equality, duh. #SemST",Feminist Movement,AGAINST
"#WageEquality means Individuals with Equal Responsibilities, Training, Proficiency deserve Equal pay. #WomenRights #SemST",Feminist Movement,AGAINST
@Yohanzor  @kittylight @OccupyWomen You lunatics aren't fooling any1. Your skewed logic is only due 2 your delusions. #SemST,Feminist Movement,AGAINST
I get a lot of shit for saying boobs are sexual. I'm sorry you call me ignorant all you want but its true #freethenippple #boobs #SemST,Feminist Movement,AGAINST
I think it's okay for a woman to take a mans name if she wants to. #genderequality #SemST,Feminist Movement,FAVOR
"@HeyItsAlexM @Keatmyshiz hes lyin to u maam, u can see thru this transparent asshat. just call him a moron u no u wanna do it #SemST",Feminist Movement,AGAINST
"Dear 80 percent of women: you don't think like us hence you are scum. - Love, @Jezebel #GamerGate #SemST",Feminist Movement,AGAINST
RT @SteveOortcloud: My dream in life is to fuck a Canadian slut in her eye-socket.  #YesAllWomen #ThisFuckingGuy #SemST,Feminist Movement,NONE
I wonder when my feminism top is gonna arrive.. I need a bit of happiness with the stress of studying #collegelife #SemST,Feminist Movement,FAVOR
Storey's Song of the Day: To love somebody (BeeGees); topic of the day: Feminism in cultural theory. I love this class. #BeeGees #SemST,Feminist Movement,AGAINST
"RT gamergatenews: RT CaptHaddock83: Ha Ha hilarious! #Feminists desending on #SpankAFeminist like mad harpies, #SJWs #game... #SemST",Feminist Movement,AGAINST
Watching #missrepresentation .. We must change our world. #womenrule #change #beauty #SemST,Feminist Movement,FAVOR
@foxtrotjames I can kind of see myself doing what she's doing #Femalepower #yolo #SemST,Feminist Movement,FAVOR
The fact that Chris Brown is somehow still famous is why I need #SemST,Feminist Movement,NONE
Women in Hollywood are still getting paid less. It is 2015. #SemST,Feminist Movement,FAVOR
so i guess the new definition of ugly is believing in equal rights... LET ME BE UGLY THEN #SemST,Feminist Movement,FAVOR
"*watching house of cards with my dad* ""I could be First Lady."" ""Why not president?"" ""YEAH DAD! Next woman president right here!""  #SemST",Feminist Movement,FAVOR
Seriously can't believe there are so many Hilary supporters right now.  #SemST,Feminist Movement,AGAINST
@UKIP Also a policy on removing feminists. In their entirety. Thanks for your help with this #VoteUKIP #SemST,Feminist Movement,AGAINST
RT @rapebombing: #HowToSpotAFeminist like @infinitehoran_ They block you & then stalk you for days/weeks afterwards. #SemST,Feminist Movement,AGAINST
"@MrRepzion This lady on yt is right, Radical feminist have the loudest voices while normal,logical feminist are being outspoken. #SemST",Feminist Movement,FAVOR
Omfg... definition of first world problems. #FuckFeminism #SemST,Feminist Movement,AGAINST
Seriously can't believe they gave the women heat breaks and not the men #Wimbledon #SemST,Feminist Movement,AGAINST
@ProteinWorld Don't worry about all these feminists. Any press is good press. I will be ordering products. soon. #SemST,Feminist Movement,AGAINST
RT @MandaReneK: Feminism: the belief that men and women should have equal rights and opportunities. #feminist #lovetheladies #sor... #SemST,Feminist Movement,AGAINST
"@toasterhead: @blueeyedgagal @soxmom47 @Babbsgirl2 Mind your own business, cunt.     Did the batteries in your BOB die? #SemST",Feminist Movement,AGAINST
"@marieclaire Pretty sure most of us are A-okay without having her on our team. And it's aaaalll about #choice, anyway. #feminists #SemST",Feminist Movement,AGAINST
How can you be female and not be a feminist? Like do you not care about your rights as a women or what? #SemST,Feminist Movement,FAVOR
"@FaZeNikan @dznCosta why is men in front of women, you misogynistic pig #SemST",Feminist Movement,FAVOR
DEAR FEMINISTS  Start asking for accountability from man-haters instead of shielding them for convenient concealment.  #SemST,Feminist Movement,AGAINST
@BruiseAurora i'm advocating men to stop loving women. Just have sex with them . #everydaysexism #SemST,Feminist Movement,AGAINST
@marieclaire Or...She's a grown 21st century woman who may do whatever pleases her! Especially with her fashion and body!  #SemST,Feminist Movement,FAVOR
I have noticed that you never see any really beautiful feminists. I wonder why? #SemST,Feminist Movement,AGAINST
"Starting to compile evidence for blog post, how modern feminism shares the same traits as the Nazi propaganda #antifeminism #SemST",Feminist Movement,AGAINST
@ParnassusBooks1 any chance @QueSaraiSera will come to Nashville to discuss #Dietland. Couldn't put that deliciousness down! #plum #SemST,Feminist Movement,NONE
@whenindoubtdo the trigger levels are over 9000 #SemST,Feminist Movement,NONE
"@PennyRed you realise that you have just painted ""all"" men with the same brush. So ""wilfully ignorant"" could describe you! #fail #SemST",Feminist Movement,AGAINST
@JahMMARastafari @Vosnic you're incredibly bigoted. From rape to homosexuality.  #mensrights #SemST,Feminist Movement,AGAINST
DEAR ANTI-PORN FEMINISTS   If you've never eaten popcorn while watching porn you are missing out in life... #GamerGate #SemST,Feminist Movement,AGAINST
"U can be a #feminist w/o bein a bitch, u can also embrace ur sexuality w/o having loose morals #EmpowerAllBodies #empoweringwomen #SemST",Feminist Movement,FAVOR
@Mike_Charmander @MsLatina a right doesn't have to come from a law. They're called equal rights not equal laws #SemST,Feminist Movement,FAVOR
Lehi high school is my favorite school due to @cltnroberts ps yo gleaves hit me up  #MondayMotivation #WhatAreYouAfraidOf #SemST,Feminist Movement,NONE
All I need in this life of sin is me and my girlfriend #SemST,Feminist Movement,NONE
"I like how rape is one of the most under reported crimes, but the unreported incidents are usually females raping males. But hey. #SemST",Feminist Movement,AGAINST
.@cooImemegirl Damn that wage gap! Sneaky men work longer hours in dangerous jobs and get paid for it! #SemST,Feminist Movement,AGAINST
@amin86660132 @justsoshelby  Very nice work. I'm happy to hear your autistic friend is able to express himself this way #SemST,Feminist Movement,NONE
.@cooImemegirl @TC_Stompa So what? It is a man's choice whether he wants to breast feed his children. #SemST,Feminist Movement,NONE
"Job should always go to best candidate, regardless of gender. Gender shouldn't even matter anymore, it's 2015! #PaulHenry #SemST",Feminist Movement,FAVOR
@Ricky_Vaughn99  Why is it called HIStory and not HERstory ?!   #SemST,Feminist Movement,FAVOR
"We are 51% of the population and only 17% of Congress. The #WarOnWomen is absolutely a real thing. Wake up, America. #SemST",Feminist Movement,FAVOR
No. Feminists are not ugly. The fact that there isn't equal rights for both men and women is. #FeministsAreBeautiful #SemST,Feminist Movement,FAVOR
Just give me the attention you never gave anyone else. #ExtremeRules #NepalEarthquake #FreddieGray #RHOAReunion #SemST,Feminist Movement,NONE
@MsLuuna women don't need to shave. #SemST,Feminist Movement,FAVOR
@SilviuMajor your tweet has made it to the cast of towie mate #SemST,Feminist Movement,NONE
MyVagina kicked the Shit out of HisCock / #SemST,Feminist Movement,AGAINST
@gelijkis my hat is seriously off to all those who made Beijing such a breakthrough. We don't say thank you enough! #womensrights #SemST,Feminist Movement,FAVOR
texting my bf telling him to shave today so i find him optimally bangable next time i see him #SemST,Feminist Movement,AGAINST
.@diistantecho Your wee sister believes in both Santa Claus and feminism. Think harder about what that means. #SemST,Feminist Movement,AGAINST
I take it personally when people call my dog a he. Toni is a girls name too #SemST,Feminist Movement,FAVOR
@sammikluber I'm just stating the facts #SemST,Feminist Movement,NONE
Rethink your beach clothes. Bc it may oppress some people!! #thisoppresseswomen #SemST,Feminist Movement,AGAINST
"@luisaomielan amazing show in Leicester tonight, best comedy show I've ever seen, incredible! #upgradeyourself #SemST",Feminist Movement,NONE
"Anti-#gamergate people who say GG is about ""Zoe Quinn"" are defending domestic abuse.   #NotYourShield #WomenAgainstFeminis... #SemST",Feminist Movement,AGAINST
"Watch colors code red now. It shows how a newly wedded wife con's the family. ,""con bride"" #colors #scrap498a #SemST",Feminist Movement,NONE
"Most non-feminist ppl are ""category-fluid"". #Feminists, you'd best respect that!  #antifeminism #misogyny #MGTOW #MRA #antiSJW #SemST",Feminist Movement,AGAINST
"Why are we all afraid to say the f-word? By f-word, I mean, feminist. It's not a bad word, people! #SemST",Feminist Movement,AGAINST
Thanks to the work of people like @everydaysexism they are not only helping women but helping the whole of society #SemST,Feminist Movement,FAVOR
Pussy Riot: A Punk Prayer  I highly suggest you watch it. Such an amazing documentary. #SemST,Feminist Movement,FAVOR
@sass_unicorn lol! Young male children for #SemST,Feminist Movement,NONE
"Some guy just called me a gentleman for holding the door open for him. He then corrected himself & said ""I'm sorry, gentlewoman! #SemST",Feminist Movement,FAVOR
".@Rod_McCallum You're 55yrs out-of-date. I thought you could be more interesting, but you're just old news, bored now. Bye #SemST",Feminist Movement,NONE
"@optimist216 What a load of crap. Dressing appropriately for the office is ""sexist""? Grow up. #YesAllWomen #SemST",Feminist Movement,FAVOR
"If women do it, it cannot be immoral or evil. Right?  Welcome to feminism defending pedophilia promoter #LenaDunham  #SemST",Feminist Movement,AGAINST
A year of relentless harassment of folks talking about rape & abuse on #YesAllWomen = thriving rape culture on social media #SemST,Feminist Movement,AGAINST
"I'll gladly accept my face on ""the least used of the most used bills"" #NeverSatisfied #SemST",Feminist Movement,NONE
I need feminism because I can't walk three blocks without getting cat called and a man asking me to get in his car . #SemST,Feminist Movement,FAVOR
"If you wanna stay home and raise a family, that's cool. But that's your choice and nobody else's. #SemST",Feminist Movement,FAVOR
"IF FEMINISTS WERE HONEST   ""I know men don't have the right kind of thoughts.""   #GamerGate #SemST",Feminist Movement,AGAINST
@Piddy_X @Nero @CYBERSTALIN It's an attempt at a @GodfreyElfwick parody. #ProteinWorld #BaltimoreRiots #socialism #SemST,Feminist Movement,NONE
"All the people who support abortion, to bad their parents didn't practice that ""right""  #YesAllWomen #UniteBlue #SemST",Feminist Movement,AGAINST
"@ZaraLovesScript A bloke we both know, @BigGoodJohn, asked me to offer congrats for being clever; still seems stunned girls ARE. #SemST",Feminist Movement,AGAINST
"And people wonder why #feminists aren't taken seriously...  At least give me 1 every time I hear this, I'd be rich!  #SemST",Feminist Movement,AGAINST
@FudgieeBuddiee ARE YOU SAYING ALL GIRLS ARE SENSITIVE BECAUSE OF GENDER ROLES? YOU SEXIST SWINE #SemST,Feminist Movement,FAVOR
.@Awyee707 I respect your truck-suck. Why do you not respect girls' innate or chosen doll-love? #SemST,Feminist Movement,FAVOR
When there's a strong female lead and you get so so excited cause there's no gratuitous sexual violence #SemST,Feminist Movement,AGAINST
@Vivvyyy what's so wrong with getting dick? How come when guys do it they're praised for it? YOU SEXIST #SemST,Feminist Movement,FAVOR
"DEAR FEMINISTS  Give a complete version of feminism, not the dictionary definition. Or what? No man-hate?  #GamerGate #SemST",Feminist Movement,AGAINST
Feminist outrage over American girls being recruited by ISIS? Zero. #SemST,Feminist Movement,AGAINST
"Everfetching: i wanna chat with a feminist, or a feminazi at the the moment. just to hear sides ya know?  #feminist #feminazi #SemST",Feminist Movement,NONE
and when men can only empathize if they picture their daughter going through the same thing. #SemST,Feminist Movement,FAVOR
There is nothing more inspiring that the drums at the beginning of #RunTheWorldGirls by @Beyonce... It feels like the rise of #SemST,Feminist Movement,AGAINST
@MrMikeCalta  Proud to say I don't listen to fat crossed eyed MJ #SemST,Feminist Movement,NONE
Now Harry is arguing with Dead Girl's father about whose job it is to kill the RapeMurdering villain. #Horns #SemST,Feminist Movement,NONE
Someone should do a #Meminist Frequency video response highlighting the violence against men portrayed in video games. #SemST,Feminist Movement,AGAINST
"@mit5_anders To paraphrase Friedan, the more a drive is deprived of data, the more its data will expand to fill the space. #1960s #SemST",Feminist Movement,NONE
@dancerlwt Have you considered changing your Twitter handle to vagina monologue? #SemST,Feminist Movement,AGAINST
"What do feminists want: All humans, male and female, should have equal political, economic and social rights. Equality. #SemST",Feminist Movement,FAVOR
Strict gender roles in the context of a true marriage devoted to raising children will always be the ideal. No substitutes. #tcot #SemST,Feminist Movement,AGAINST
FINALLY A WOMEN RUNNING FOR PRESIDENT #SemST,Feminist Movement,FAVOR
#MagicMikeXXL is the most feminist movie I have seen since #MadMax. Good work! #SemST,Feminist Movement,AGAINST
"those who resist against feminism before us 2016 election, should not be killed. they should be raped to death ... #USElections #SemST",Feminist Movement,FAVOR
"@jaclynf, @JessicaValenti, @AmandaMarcotte and @PennyRed are why feminists don't live on the same planet as us. #SemST",Feminist Movement,AGAINST
I NEED FEMINISM BECAUSE- A man in a room full of women is ecstatic. A woman in a room full of men is terrified. #SemST,Feminist Movement,FAVOR
@elllode BUT SHE RUNS IN HIGH HEELS #SemST,Feminist Movement,AGAINST
"DEAR LYING FEMINIST JOURNALISTS  If candy crush saga is ""hard core gaming"" then masturbation is marriage.  #GamerGate #SemST",Feminist Movement,AGAINST
The only thing ugly is the god damn opinions of the idiotic people who started this tag #SemST,Feminist Movement,NONE
Don't you just love how feminists are more focused on bondage books being romanticized than they are genital mutilation #SemST,Feminist Movement,AGAINST
if your feminism is sex worker exclusive or trans exclusive I want no part in it. #intersectionality #SemST,Feminist Movement,AGAINST
@equalforwomen why r u on twitter get back in the kitchen #feminist #feminazi #powertowomen #Equality #SemST,Feminist Movement,AGAINST
@EverydaySexism .@Rod_McCallum you are a dinosaur and a fool.  Not rising to your antiquated rhetoric.  Bye #SemST,Feminist Movement,FAVOR
"@ProLifeAction nope, no more adultery now than 100 years ago or 600 years ago. Sorry facts don't fit your narrative. #prochoice #SemST",Feminist Movement,NONE
"If the Olympics were 100% feminist, the men's division would be erradicated for ""equality""  #GamerGate #SemST",Feminist Movement,AGAINST
"Women are shamed if they don't want children, but then told if they want to be payed equally they shouldn't have children at all. #SemST",Feminist Movement,FAVOR
Writing and wondering why ovarian and seminal aren't BOTH synonyms for original? #OppressedByThesaurus #OvariesBeforBrovaries #SemST,Feminist Movement,AGAINST
@Tesco @TescoMedia @TescoFood Disgusted to see you were selling DVDs of 'Fifty Shades of Grey in your Chillingham Road branch #SemST,Feminist Movement,NONE
"@arieelrosee @nataliaxmoreno Well you are right, its pointless for you to try. Youre still an example of why there are #SemST",Feminist Movement,NONE
One gay one straight. one male One female. One friendship. #Equality #Friends #SemST,Feminist Movement,NONE
"The only reason, I stopped at each entrance in #walkingstreet is to have a #LawOfAttraction #viewpoint #dailydevotional #SemST",Feminist Movement,NONE
#Feminists can now prove Wage Gap... yet no lawsuits have come forward of women paid less... maybe it doesn't exist.  #SemST,Feminist Movement,AGAINST
"You are not penetrating our vaginas, we,  WE ARE ENGULFING YOUR PENISES!  #insideamyschumer #SemST",Feminist Movement,FAVOR
@AymieLouise1995 'look we can discuss sexism in survival situations when I get back' #jurassicworld #SemST,Feminist Movement,NONE
@CosmopolitanUK why does someone not create a female festival celebrating women?! Surely it's a no brainer! #art #music #history #SemST,Feminist Movement,FAVOR
Getting haircut b/c I have a job interview. Because being male and having shoulder length hair is 'unprofessional' #SemST,Feminist Movement,AGAINST
YOU'RE A GIRL AND HAVE A SEX DRIVE!? YOU MUST BE A SLUT! #feminist #SemST,Feminist Movement,FAVOR
DEAR FEMINISTS & SJWs  I am a proud Troll. Make sure I am not proud of what you want to shame me for.  #GamerGate  #SemST,Feminist Movement,AGAINST
U.S. putting a women on $10 bill instead of $20... anyone else think it's a BS compromise? #TheNew10 #WomenOn20s #Feminist #SemST,Feminist Movement,AGAINST
.@MyRainbowNinja @NotAllBhas This farm is fucking disgusting. #SemST,Feminist Movement,NONE
A woman is not a sex object. She's a person. #truth #wisdom #womensrights #media #life #humanity #love #society #SemST,Feminist Movement,FAVOR
links in sauga gotta stop chincing girls and taking away that extra bit #iknowyoudoit  #equality #SemST,Feminist Movement,FAVOR
Male rape is one of the most under-reported crimes; male rape survivors are among the most under-served crime victims. #SemST,Feminist Movement,NONE
Do you know the difference between Activism and Advocacy? #SDG #youthdevelopment #SemST,Feminist Movement,AGAINST
Why is it bad for the Garrick Club to be men only but not bad for my gym to have a women only room? #Hypocrites #SemST,Feminist Movement,AGAINST
Anyone else starting to notice the general demographic of feminists is like fucking high-schoolers. #SemST,Feminist Movement,AGAINST
"I hate feminism, give me a reason why I shouldn't. #feminist #notallmen #HeForShe #SemST",Feminist Movement,AGAINST
im a strong independent black woman who don't need no daddy #lol #girlpower #SemST,Feminist Movement,FAVOR
@OliviaJeniferx it's not always the guys job. #equality #SemST,Feminist Movement,FAVOR
@TheCoffeeFilter: ...OR SLOW DOWN YOUR CAR TO YELL AT ME WHILE I WAIT FOR THE BUS!!! #WHATTHEACTUALFUCK #SemST,Feminist Movement,AGAINST
"hooks says that we continue,even though it's hard and causes pain, because of those people we look to #whatawoman #bellhooks #love #SemST",Feminist Movement,FAVOR
"Thanks for all the laughs tonight, @amyschumer! And the social commentary wasn't bad either ;) #equalpay #girlyoudontneedmakeup #SemST",Feminist Movement,FAVOR
.@brigadam @KlaraJoelsson The child could be seized for adoption to prolife couples or raised by mom alone - no $$. #SemST,Feminist Movement,NONE
@evelynlns @jes_chastain Agree 100 %! She radiates beauty from the inside out. Such a role model for all  #SemST,Feminist Movement,FAVOR
@victoriacoren has an article on women and politics in this months @ELLEUK - it's a must read. #generalelection #politics #women #SemST,Feminist Movement,FAVOR
The majority of anti-abortion leaders are men and none of them will ever be pregnant.  #genderequity #SemST,Feminist Movement,AGAINST
They want equality but what they're doing is overpowering men. #feminazi #SemST,Feminist Movement,AGAINST
Did you know? Gender stereotypes as we know then developed with beginning of the 18. century. #gender #SemST,Feminist Movement,FAVOR
This #MaritalRape law if misused dont give any scope to men to prove their innocence.Even honest men can be trapped & slaughtered. #SemST,Feminist Movement,AGAINST
@MrRamsbottom @instruct @madebyreformat @studiodbd @luketonge I have to stop tweeting now cause @JoeWellMade wants his tea making. #SemST,Feminist Movement,NONE
The responsibilities Feminism admits are as ornamental as the intelligence of the average feminist. #OnlyRights #SemST,Feminist Movement,AGAINST
"*sigh* One small step back for women, one giant leap forward for lonely perverts. #ChrissyTeigen #SemST",Feminist Movement,AGAINST
How much radical feminist does there have to be before feminist start rethinking their position about feminism? #SemST,Feminist Movement,AGAINST
"As Chip Kidd announces the readers & asks us to hold their applause, the audience cant hold it back for @GloriaSteinem #poetry #SemST",Feminist Movement,NONE
"If the confederate flag offends you, good. Stop making things #politicallycorrect #SemST",Feminist Movement,NONE
"It is not enough to help someone, or a group,  you have to do it in the name of . #identitypolitics  #SpankAFeminist #SemST",Feminist Movement,AGAINST
Charlotte Church interviewing Pussy Riot at #Glasto2015 #fuckyeahglasto #SemST,Feminist Movement,NONE
All the feminist block me because I speak true. #SemST,Feminist Movement,AGAINST
This just in: Pop culture still hates women. #SemST,Feminist Movement,FAVOR
It is not a woman's place to be made to feel uncomfortable walking down the street. #PoppySmart #SemST,Feminist Movement,FAVOR
i have autocorrect switched off smh i dnt need u im independent #SemST,Feminist Movement,NONE
"@Agratha Feminist logic:  ""Be awesome or you're a piece of shit"".  Nice.  You should learn what patriarchy means, dumb shit.  #SemST",Feminist Movement,AGAINST
"And no femaskanks, your gender studies degree isn't as valuable as a S.T.E.M degree.... #SemST",Feminist Movement,AGAINST
It upsets me how people are so narrow-minded when it comes to feminism. STEREOTYPING MEN IS NOT . #SemST,Feminist Movement,FAVOR
Communists can relate to how we feel. #communist #faith #karlmarx #SemST,Feminist Movement,NONE
The times in between my whiskey are my periods. #SemST,Feminist Movement,AGAINST
The problem with liberals' tolerance is that it is only extended to those who agree with them #tcot #SemST,Feminist Movement,NONE
@KatTimpf @BMC1181 @Jezebel going #FullMcIntosh for only the 737th consecutive time. #SJWLogic #SemST,Feminist Movement,AGAINST
The basic principle of the universe is INFORMATION. Literally everything is information in one form or another. #antifeminism #SemST,Feminist Movement,AGAINST
Shut up and go back to the kitchen bitch #SemST,Feminist Movement,AGAINST
I dont need white privillaged men coming up to me telling me my beliefs and fashion are unacceptable #furry #Feminist #SemST,Feminist Movement,FAVOR
DEAR FEMINIST SUPPORTERS People like you with your endless concessions to feminists just prevent their accountability. #SemST,Feminist Movement,AGAINST
#sex male caste general religion Hindu. None of these were in my hand!!! Gurrr  #feminazis pseudo #SemST,Feminist Movement,AGAINST
"Contempo Qiwaamah:longer paid maternity leave,flexi working hours,on-site childcare,breastfeeding/breastpumping rooms,equal pay #SemST",Feminist Movement,FAVOR
Let's fight for Women's Equality!! Read the blog below and join the cause for woman's rights and gender equality for all!! #SemST,Feminist Movement,FAVOR
Done with crime shows making rape about the father instead of the victim #SemST,Feminist Movement,FAVOR
@E__Strobel @rsmccain @instapundit @CHSommers @CathyYoung63 @AsheSchow @mensrightsrdt @Anneeliz1 That's right. All sex is rape. #SemST,Feminist Movement,NONE
The moment you know you've won as a wife.  You put out and he gets up to make his own sandwich. #winning #yvrmoms #funny #joke #SemST,Feminist Movement,FAVOR
people actually brag about how dank their shatter wax shit is on instagram pls kill me #lol #dabs #wax #420 #SemST,Feminist Movement,NONE
Congratulations to America for overcoming 1 battle for #equality. Now let's have women&all races treated equally #AllLivesMatter #SemST,Feminist Movement,FAVOR
you know what's ugly? can't going out with a short skirt without being judged #SemST,Feminist Movement,FAVOR
.@cooImemegirl @TC_Stompa Women don't understand men's plight and so shouldn't force men into fatherhood w/o consent. #SemST,Feminist Movement,AGAINST
"@DaniBChristen Yes,a ""greater"" understanding because ur's is ""superior"" 2 mine LOL #IDontNeedFeminism #SemST",Feminist Movement,AGAINST
At the WGSS Discussion Forum at #alaac15. Love these librarians! #fuckyeahlibrarians #SemST,Feminist Movement,NONE
I met my first radical feminist today. Holy shit. Amazing how much can go wrong in a brain #wtf #SemST,Feminist Movement,AGAINST
#SignsYoureInTheUSA You are attacked by feminists who labels you the patriarchy for cooking sunny side up eggs  #SemST,Feminist Movement,AGAINST
"RT @FemMagKPFK: ""We have a lot of healing to do""- Rosie Rocha-Martinez #confuerzacollective #chicanaherstory #kpfk #SemST",Feminist Movement,AGAINST
Abusive Misogynist  @NickRinke whining that feminists are blocking him. Let's make his day and all bock him. #YesAllWomen #SemST,Feminist Movement,FAVOR
"@SirWilliamValen insulting, thinking you can make a switch like that. if it wasn't written for us, it wasn't for us #SemST",Feminist Movement,NONE
Feminists don't even understand what feminism is. #SemST,Feminist Movement,AGAINST
"These SJWs are so homogenous and blur together so well it's like dealing with one giant,rainbow-headed monster. #GamerGate #SemST",Feminist Movement,AGAINST
So you support unequal pricing based on gender @CamilleBogrand?  Don't you normally call that sexism?  #EqualPayDay #SemST,Feminist Movement,FAVOR
RT @isocynic: I support whatever team buck supports #truefan #socceroos #bodypositive #SemST,Feminist Movement,NONE
So if I find a woman attractive I'm an objectifying pig. If I don't find her attractive I'm a shallow pig. #SemST,Feminist Movement,AGAINST
#Pretty.#Young #Thing. Catchy MJ song/ perfect summary of discourses surrounding professional #female #disempowerment. #gender #SemST,Feminist Movement,AGAINST
@SkyNews  @EamonnHolmes @SkyJacquie guy from 'beach body ready' advert being interviewed.Conclusion=arrogant male chauvinist idiot #SemST,Feminist Movement,FAVOR
"What a great accomplishment #marriageequality , too bad it still sucks to be black or a woman in America. #racism #truthbomb #SemST",Feminist Movement,FAVOR
"@Yaahnemba Have you ever thought that maybe ""blue jeans"" hates you? Not everyone in the world is made for each other. #SemST",Feminist Movement,NONE
feminist: *says something about women to be treated as equal human beings*  some asshole: you're ugly  wow nice okay lmao  #SemST,Feminist Movement,AGAINST
"This always infuriates me. If I was male would I be asked these questions? would I be stereotyped as a 'bitch', 'cold hearted' or #SemST",Feminist Movement,FAVOR
"Being raised by a feminist in rotting, soiled clothes - ""I'm not your slave! #SemST",Feminist Movement,AGAINST
Woman: you see me as a sex object! Me: you see me as an atm. #SemST,Feminist Movement,AGAINST
To men who make contact with women thinking they are owed a response #patriarchy #SemST,Feminist Movement,FAVOR
I guess wanting and trying to make this world a better place for everyone makes me ugly. #feminist #SemST,Feminist Movement,FAVOR
RT @WeNeedFeminism: My school taught us about the penis but never mentioned the clitoris #SemST,Feminist Movement,FAVOR
@foreigncorrespo I'm never bored. Ppl who easily get bored - like you profess to be - are generally boring. It's a weak wimp-out. #SemST,Feminist Movement,NONE
"Meritocracy is only oppressive against the incompetent - if you believe it's sexist, YOU are the sexist one #therealkind #SemST",Feminist Movement,AGAINST
"The mentality of #GamerGate is,   ""HEY! OUR Feminists are suuuuper stable! BTW don't agitate them with any criticism""  #SemST",Feminist Movement,AGAINST
"Of course ugly feminists hate sexy porn stars, rhinos hate the fact they they will never be a unicorn.  #GamerGate #SemST",Feminist Movement,AGAINST
"The lack intellectual integrity in a group of Atheists is easy to spot: just count their ""FeministAtheists"" #GamerGate #SemST",Feminist Movement,AGAINST
@_toekey and the offensive joke is left out of the context... #SpankAFeminist  #SemST,Feminist Movement,AGAINST
"Men can no longer look at women's boobs, tattoos, or even look them in the eyes.  Soon: mandatory castration for all males. #SemST",Feminist Movement,AGAINST
Feminism is nothing more than a cult that closes ranks whenever someone dares question them. #SemST,Feminist Movement,AGAINST
Tumblr made me slightly transphobic and misogynistic. #Tumblr #SemST,Feminist Movement,NONE
Beauty is in the eye of the goat. #AddGoatRuinAQuote #beauty #BodyImage #SemST,Feminist Movement,AGAINST
"If we have equality women wouldn't be expected to submit to the ""traditions"" of marriage. #genderequality #SemST",Feminist Movement,FAVOR
the time for gender equality is NOW! #SemST,Feminist Movement,FAVOR
Why do feminists hate @Lauren_Southern so much? Because she's one thing none of them are:  Beautiful.  #GamerGate #SemST,Feminist Movement,AGAINST
feminist response people wearing meninist clothes-  mock them or call them derogatory names? NOT A HATE GROUP ??? #SemST,Feminist Movement,AGAINST
Women who falsely accuse men of rape DO NOT care about exploting the suffering of real rape victims.  #GamerGate #SemST,Feminist Movement,AGAINST
DateOffCampus: Now part of the regular lineup  #SpankAFeminist #feminazi #MRA #Fak... #SemST,Feminist Movement,AGAINST
Girls don't wanna go to the strip with their bfs but beg him to go see Magic Mike XXL with them. #SemST,Feminist Movement,AGAINST
What is wrong with you people. Women with self respect should be coveted. Or have we been listening to too much Rush? #SemST,Feminist Movement,FAVOR
DEAR FEMINISTS  The evidence of your closeted hate is your refusal to address man-hate in feminism.   #GamerGate #SemST,Feminist Movement,AGAINST
Cat Pt. 2: Today I found my cat is a feminist. #cat #feminist #kindofanokstory #life #SemST,Feminist Movement,AGAINST
@chelss_21x love how it doesn't distract female teachers #SemST,Feminist Movement,NONE
Feminists are about equality between men and women as much as segregationists were about equality between blacks and whites #SemST,Feminist Movement,AGAINST
CEOs apologizing to feminists pressure only awards Feminism with its sought-after intellectual immunity. #GamerGate #SemST,Feminist Movement,AGAINST
"If you're a feminist AND you hate men, please kill yourself. #SemST",Feminist Movement,AGAINST
Anyone find it funny that #Feminists use #TakeitLikeAMan when they don't want to understand what it means to be one?  #SemST,Feminist Movement,AGAINST
"I've removed the term #feminist from by bio because racist, transphobic, white feminists have fucked it up for everyone. #SemST",Feminist Movement,AGAINST
"When real life gets controversial, scroll social media faster. #BaltimoreRiots #NepalEarthquake #kyliejennerchallenge #SemST",Feminist Movement,NONE
"Gender research helps to develop nursing research  theoretical frameworks, concepts and methodology. @genderanded #research #SemST",Feminist Movement,NONE
"@andybud_o The Mito Eve model does not explicit prove 1 ancestor, it narrows down similarities to a matter of a degree... #SemST",Feminist Movement,NONE
@foreigncorrespo And just because you can quote Simone doesn't mean you understand her. Modern femmie-nism is just whining. #SemST,Feminist Movement,AGAINST
@UN_Women @WomenUndrSiege @OSCE_RFoM It should be considered a hate crime if someone makes a threat against a woman. #SemST,Feminist Movement,FAVOR
@oakleyftgaga you should be nice to me anyways #NicerInternet #SemST,Feminist Movement,NONE
"there's someone once told me - girls have to be quiet -, i've told him: really? . and i never been quiet since then. #SemST",Feminist Movement,AGAINST
Lol what's so ugly about wanting to be equal? #SemST,Feminist Movement,FAVOR
Whether you label yourself a feminist or not I think it's important that we address equal rights.-Taylor Swift. #SemST,Feminist Movement,FAVOR
"If you want to empower women, you need to disempower the warlords! Zahara Langhi from Libya #WILPF100 #wsw2015 #ikff #peace #war #SemST",Feminist Movement,FAVOR
I wish Laura croft would undress more so I could Bitch about it. #FemFreq #SemST,Feminist Movement,AGAINST
#Feminists: calling other people bad names won't turn them into feminists.You're shooting yourselves in the foot. #sexism #antiSJW #SemST,Feminist Movement,AGAINST
@kimiyyye nah bitch I'm a fucking savage obviously . You just gonna suck dick and make sandwiches for some man who beats you daily #SemST,Feminist Movement,AGAINST
they opened a blenders in the vhs GIRLS bathroom today! #TheMoreYouKnow #SemST,Feminist Movement,NONE
Recenter your world. Be the captain of your ship. The author of your life story. #SemST,Feminist Movement,NONE
"'Half victims, half accomplices, like everyone else' Simone De Beavoir #SemST",Feminist Movement,NONE
RT VivienneDenue: Code to hack and evil to destroy. Time to get back to work and kick some ass. #gamedev #femaleprotagonist #cybe... #SemST,Feminist Movement,FAVOR
"The most upsetting of all of these however, was when I was greeted with shock and disgust for the fact I have ambition and #SemST",Feminist Movement,FAVOR
tired of anti-womanist respectability politics. we need a safe space for women can look like they're at the club at an interview #SemST,Feminist Movement,FAVOR
What!? Women take pictures of themselves naked or in sexy lingerie & text them? Fucking Patriarchy! #TweetLikeAFeminist #SJWLogic #SemST,Feminist Movement,AGAINST
I nailed another black feminist. I banged her so hard that she shit. My wife ended up cleaning up the shit too. #BaltimoreRiots #SemST,Feminist Movement,AGAINST
@Daily_Feminism -- give us a follow back.   #feminist #SemST,Feminist Movement,FAVOR
"Every time I was told I was bossy rather than assertive I took it as a compliment, #SemST",Feminist Movement,FAVOR
Pope Francis: Christians should support equal pay for equal work #popefrancis #worldnews #society #women #SemST,Feminist Movement,FAVOR
_AnAvgJoe_: RT Ruth_Blane: BansalSatnam: RT Ruth_Blane: ReverseDowry: RT Ruth_Blane: manojmane: Take this !! #Feminazi #scrap498a... #SemST,Feminist Movement,AGAINST
Want revenge for being a slut?  Cry rape.  Then lie to the world and carry a mattress with you.  #rape #UglyFeminist #SemST,Feminist Movement,AGAINST
RT @PatsyMaureen: Females turn into man hating feminists because no man fancy's they're dyke lesbian ass's. #SemST,Feminist Movement,AGAINST
Australia even has a fucking Minister for women for fucks sake!IsAwful #SemST,Feminist Movement,AGAINST
"Amusing how feminists swap their own personal ""I don't like it"" by ""Women don't like it"".   #GamerGate #NotYourShield #SemST",Feminist Movement,AGAINST
If feminists are ugly then what are the people calling them ugly must be vile #SemST,Feminist Movement,FAVOR
@lucyblakeman12 You need feminism more than you need anything else in your life. You couldn't survive or speak w/o it. #SemST,Feminist Movement,FAVOR
Women should come with a money-back guarantee. If this doesn't work out because you're a dumb bitch I should get my money back. #SemST,Feminist Movement,AGAINST
Hate when girls turn into bitches because a guy tells them they look good without make up... THATS A COMPLIMENT ?!!??!???? #SemST,Feminist Movement,AGAINST
"All men accused of rape should be immediately castrated, no questions asked. #RapeCulture #HeForShe #SemST",Feminist Movement,FAVOR
"Spanish Civil War publishing cookbooks & author gender points to women's lack of access to education, ind wealth #osfc15 #SemST",Feminist Movement,AGAINST
"NiceFeminists are passive onlookers to man-hate. Their excuse?  ""It's not up to me to prevent hate in my movement!""  #SemST",Feminist Movement,AGAINST
All I'm doing is reading GG tweets and getting angrier. Fuuuuuuuuuuuck men are privileged.  Time for bed. #FeminismIsAwfullyGreat #SemST,Feminist Movement,FAVOR
Elizabeth Cady Stanton did not die so you could get upset about fuckbois that don't text back #SemST,Feminist Movement,FAVOR
@OccupyCourt Family Court is not a court. It is INQUISITION. #FEMINAZIS #SemST,Feminist Movement,AGAINST
#WhoIsBurningBlackChurches is the latest racist hate mob tag. No surprise it's all #BlackLivesMatter people. #SJWLogic #SemST,Feminist Movement,NONE
Women's rights are #humanrights! Join the #CPDvoices twitter rally at 3pm ET if you agree! #CPD48 #SemST,Feminist Movement,FAVOR
Just heard the most inspiring interview w one of my heroines @monaeltahawy on @bbcworldservice #women #islam  #revolution #SemST,Feminist Movement,FAVOR
@AsheMareexoxo literally you are so on point about the male gaze and BS about fake nerd girls #SemST,Feminist Movement,AGAINST
".@johnny_nimble @__heyheather @cooImemegirl ""Equality"": a term used by feminists to poorly hide supremacist agendas. #SemST",Feminist Movement,AGAINST
I do not wish for #Women to have power over #Men but over themselves. #Milan #KnockKnock #PAK_Army #PTIFamily #SemST,Feminist Movement,FAVOR
Sexism is power plus prejudice? So Anita is sexist by her own definition because of her new title in time #Anitasarkeesian #SemST,Feminist Movement,AGAINST
"Because women are seen as ""soft,"" ""weak,"" and ""emotional"" in the eyes of male politicians #SemST",Feminist Movement,FAVOR
@thomas_RAL: Most feminists don't know what they are fighting for?! Most ego maniac's who want they're 15 minutes of fame. #c4news #SemST,Feminist Movement,AGAINST
A vote by a woman is a wasted vote @femfreq @feministculture #SemST,Feminist Movement,AGAINST
"With or without someone by my side, I'm gonna achieve all the goals I have set. #strongwomen #Goals #SemST",Feminist Movement,AGAINST
Feminism is not just about women; it's about letting all people lead fuller lives ~ @JaneFonda #life #SemST,Feminist Movement,FAVOR
I am really proud to be a @HeforShe and I want to thank @EmWatson for being such a powerful feminist #HeForShe #SemST,Feminist Movement,FAVOR
to all the girls who ' always wear their invisible crown '  I 'always carry a gun '  #Lionesses #SemST,Feminist Movement,AGAINST
"For all y'all who only pay attention to men's sports, something fairly important is happening now with USA women's soccer #SemST",Feminist Movement,AGAINST
@POWSIMIAN does a vegan diet make you immortal? either way we're all gonna die #SemST,Feminist Movement,NONE
Feminists are so stupid they think they're the only ones who can have freedom of speech Lmaooo #SemST,Feminist Movement,AGAINST
"@MeninistTweet why do white women pretend to ne black, lies aboit dad & family instead going to the mental hospital? #SemST",Feminist Movement,NONE
the fact that people think women need to be appealing and attractive to be heard/seen as equal is why we need feminism #SemST,Feminist Movement,FAVOR
Why should woman stick together?  I don't like half of you cunts. #SemST,Feminist Movement,AGAINST
Patriarchy Theory - designed to project the prejudice and insecurity of feminists onto men #SemST,Feminist Movement,AGAINST
"@StarSThomas Dear god, you are fat. #SemST",Feminist Movement,NONE
@orange_kae a lot of people get indoctrinated in a movement by reading comments and articles. For example #meinkamp. #equality #SemST,Feminist Movement,NONE
"Like, feminism isn't just about 'gender' it's about so much more than that you ignorant toad. #SemST",Feminist Movement,FAVOR
Feminists are not ugly lol they do make me laugh though. They are the most hypocritical people on the planet #SemST,Feminist Movement,AGAINST
When did people without taste buds decide to ban tasty food?  Welcome to Sex-Negative Feminism   #GamerGate #SemST,Feminist Movement,AGAINST
The retarded tantrums of #GamerGate feminists show the effects of a lifetime of never facing intellectual challenge. #SemST,Feminist Movement,AGAINST
"#BeautyRant 7-Why have I been taught to hate my knock knees? Why must it be a compliment that you call me a ""yellow bone""? #Beauty #SemST",Feminist Movement,AGAINST
"If you claim nor to be a feminist, you either don't understand what feminism is, or you are a huge societal problem. #SemST",Feminist Movement,FAVOR
if women didn't have double standards then they would have no standards. #MagicMikeXXL #YesAllWomen #SemST,Feminist Movement,AGAINST
Downvoting my youtube videos is hateful and sexist! #gamergate #femfreq #radicalbytes #videogame #gaming #SemST,Feminist Movement,FAVOR
DEAR FEMINISTS  Why don't you expel the man-haters poisoning your feminism?  Why  you admire them?   #GamerGate #NotY... #SemST,Feminist Movement,AGAINST
#Weneedfeminism because Twitter has its very own misogynist harassment machine. #YesAllWomen #HeForShe #Feminist #SemST,Feminist Movement,AGAINST
@TrapLordAlec @Bold_Radicals 10 to realize this is all actually a symbol for #SemST,Feminist Movement,NONE
"Eating a bagel by myself rocking out to ""Man! I Feel Like a Woman!"" #ponytail #freedom #SemST",Feminist Movement,FAVOR
Excited to hear author @LeoraTanenbaum  Slut-Shaming in the Age ofthe Internet #slutshaming #SemST,Feminist Movement,FAVOR
Sometimes I overheat and want to take off my shirt but can't because of social expectations of people with breasts. ;n; #SemST,Feminist Movement,FAVOR
"I guess what I am begging for at this point, is like, some really sexist views.. I know they are out there#FeministsAreUgly #SemST",Feminist Movement,AGAINST
"Towie catchup, totally agree with ferne #TOWIE #SemST",Feminist Movement,NONE
@thefemaleboook @MeninistTweet lmao at the fact you use a bunch of airbrushed fake ass celebrities  #SemST,Feminist Movement,AGAINST
"wanted to pursue a career rather than settle down and start a family in my 20's. Even now, people still tell me time is ticking & #SemST",Feminist Movement,FAVOR
Keep the fight going for justice in all our communities #LGBTRights #BlackLivesMatter #JusticeForMuslims #HispanicGirlsUnited #SemST,Feminist Movement,NONE
"#SingleBecause I refuse to be man's 'other' and bcs I want to be my full self, bcs I want a feminist man, who's a man's man. #SemST",Feminist Movement,FAVOR
@TarheelKrystle @primatemachine Bowing down but not in a threatening way. B/c even bowing down can be triggering. #SemST,Feminist Movement,AGAINST
@70kha @scroll_in We can't pass judgements and offer advice on issues like hijab as if they belong to subaltern cultures.  #SemST,Feminist Movement,NONE
