Tweet,Target,Stance
@FlyingFree333 wow that is certainly an extreme prognostication! #gop #libertarian #SemST,Climate Change is a Real Concern,NONE
@NCRegister @peaceischrist @diocesefwsb @CatholicVote Unless it's #SemST,Climate Change is a Real Concern,NONE
Look out for the hashtag #UKClimate2015 for news today on how the UK is doing in both reducing emissions and adapting to #SemST,Climate Change is a Real Concern,FAVOR
"When debunking climate myths: fight sticky myths with stickier facts, mention the myth and explain the fallacy!  #SemST",Climate Change is a Real Concern,FAVOR
"Hmmm, what's next re my #bucketlist I wonder in #peace in a #democratic manner re #why I'm here? #Peace #Democracy #Goal? #SemST",Climate Change is a Real Concern,NONE
GA: AIW Support Strong Compass. Global Climate Agreement: passed  #uuaga #SemST,Climate Change is a Real Concern,FAVOR
@NZStuffBusiness Time to change the Government! #fracking #C02 #methane #pollution #cancer #health #earthquake #water #leaks #SemST,Climate Change is a Real Concern,FAVOR
@EcoWatch RobertRedford + Pope say time is now. GreenNH3 is ready to roll. We all want machines. What is holdup ? #pollution #SemST,Climate Change is a Real Concern,FAVOR
Dear #seattleweather please stay exactly how you are right now. #thismorning #okaythanksbye #SemST,Climate Change is a Real Concern,NONE
Why is there no #CaptainPlanet movie??? Rt if u want one. #environment #planet #earth #SemST,Climate Change is a Real Concern,NONE
#Mission:#Climate on the road > Drive less (by @greengoddess892) #Tip #ImpactIsReal #SemST,Climate Change is a Real Concern,FAVOR
@porterthereport Please don't let him win this. Your loyal readers support you. #SemST,Climate Change is a Real Concern,NONE
Today the kingdom of Bahrain participates in the High-level Event on Climate Change at the @un #UN70 #SemST,Climate Change is a Real Concern,FAVOR
.@quinn43 Thanks for the follow. Check out CCL for solutions. #solutions #citizensclimatelobby2015 #SemST,Climate Change is a Real Concern,FAVOR
"@DalydeGagne @2010redmittens Canada alone needs 2 invest $60 billion a year, paid for by efficiency #cdnpoli #environment #SemST",Climate Change is a Real Concern,FAVOR
If like me you felt voiceless then listen to @timfarron #libdemfightback fighting for the #HumanRightsAct #AffordableHousing #SemST,Climate Change is a Real Concern,NONE
When your wearing sweaters in the summer #SemST,Climate Change is a Real Concern,FAVOR
"The same ppl who think Paul spoke ""for God"" when denouncing gays also think the current Pope does not speak for God. #SemST",Climate Change is a Real Concern,NONE
"@AlharbiF I'll bomb anything I can get my hands on, especially if THEY aren't christian. #graham2016 #GOP #SemST",Climate Change is a Real Concern,NONE
@heartlandinst The French? you mean the nation that builds tanks with a rear view mirror and six gears in reverse. #SemST,Climate Change is a Real Concern,NONE
John Watterson is attending IPPC meeting to help shape the future of international greenhouse gas emission estimation methods #SemST,Climate Change is a Real Concern,FAVOR
".@TonyAbbottMHR still boasting on international stage of removing Price on Carbon, which he refers to as ""toxic tax"" #auspol #SemST",Climate Change is a Real Concern,NONE
WHEN THE WELL IS DRY WE KNOW THE VALUE OF #WATER: Ben Franklin #ActOnClimate #EPA #SemST,Climate Change is a Real Concern,FAVOR
@Attenborough_D states the media needs to promote the damage of climate change. How bout you #Bolt? #ForeignCorrespondent #SemST,Climate Change is a Real Concern,FAVOR
"What a great week for social issues #SCOTUS Now, let's get to work on #environment and #SemST",Climate Change is a Real Concern,FAVOR
"@Aman_Pasha Higher sea levels & temperature, glacial retreat, warmer oceans, extreme weather events. Plenty of evidence. #SemST",Climate Change is a Real Concern,FAVOR
Ballot paper posted @timfarron has my vote for leader. Our Liberal voice will be heard #HumanRightsAct #AffordableHousing #SemST,Climate Change is a Real Concern,NONE
In the U.S. coal is dead Al Gore @Cannes_Lions #CannesLions #SemST,Climate Change is a Real Concern,NONE
Regards Dion #peace to you & all #including into the #future on a clearly #known to be #finiteinnatureplanet outta here gone #SemST,Climate Change is a Real Concern,FAVOR
Don't act as if we have another planet to live in #COP21 #SemST,Climate Change is a Real Concern,FAVOR
We could do something...the question is will we says @PaulREhrlich #sustainability #SemST,Climate Change is a Real Concern,FAVOR
the #KarachiHeatWave death toll climbs to 1210 deaths in 5 days #carbonemissions #SemST,Climate Change is a Real Concern,FAVOR
"Let's all stop saying people don't ""believe"" in Climate Change. It's not a matter of faith. They don't UNDERSTAND #SemST",Climate Change is a Real Concern,FAVOR
#MainauDeclaration2015 60 years later..#LiNo15 Laureates and young scientists say it is time to act #SemST,Climate Change is a Real Concern,FAVOR
"Politics, Religion, Race; we are so busy killing & hurting each other, Earth dries up & we will all die anyway. #drought #SemST",Climate Change is a Real Concern,FAVOR
There has never been a better time to get the heck out of California. #vaccines #science #gmo #bees #autism #gmo #sb277 #SemST,Climate Change is a Real Concern,NONE
Every human commits original sin with it's first outbreath of CO2. Mankind is fallen. #bible #SemST,Climate Change is a Real Concern,FAVOR
RT @zerofootprint: RT @ClimateReality: #ClimateFact India may stand to lose 1.8% of its annual GDP by 2050 due to #SemST,Climate Change is a Real Concern,FAVOR
#SEBAMM #SEB2015: Prtner explains the work of the #IPCC #SemST,Climate Change is a Real Concern,NONE
Building Renovations. Turn $10MM into $1MMM over time. #business #money #wallstreet #enterprise #entrepreneur #engineering #SemST,Climate Change is a Real Concern,NONE
@theresa_beh I'm just happy he's telling the @gop to wise up RE: #SemST,Climate Change is a Real Concern,NONE
@worldfarmersorg congress. @BartoliniMatteo :Dutch way in reducing greenhouse gasses agriculture is excellent example combat #SemST,Climate Change is a Real Concern,FAVOR
World Futures Council man at #fsds15 points out absurdity of cost benefit analysis discounting future lives #sustainability #SemST,Climate Change is a Real Concern,FAVOR
what is at stake is the survival of our and next generation - Indigenous People Youth #UNGA #Action2015 #COP21 #SemST,Climate Change is a Real Concern,FAVOR
It's nights like this when I'm not so fond of my long hair. I just wanna chop it all off! #heatwave #pnwgirl #SemST,Climate Change is a Real Concern,NONE
"I'm blowing AC with the top off, in the middle of the night, in Oregon.. #SemST",Climate Change is a Real Concern,FAVOR
"Attenborough: 'The real problem is global' i.e. not just me, or you, but us #SemST",Climate Change is a Real Concern,FAVOR
.@CreeClayton wonderful to find you on twitter. Meet @masroora a Canadian working in #SemST,Climate Change is a Real Concern,NONE
. @PSaintAmans Well-designed tax policies can help fix a number of environmental issues #ITDconf #COP21 #SemST,Climate Change is a Real Concern,FAVOR
' taking a stand to preserve traditional sea levels' #SemST,Climate Change is a Real Concern,FAVOR
"China, I had plans to work on other things today. Rude. #EUChina #SemST",Climate Change is a Real Concern,NONE
@RepTomMarino my priority is to address #SemST,Climate Change is a Real Concern,NONE
@irish0831 Good grief! I can feel the desperation seeping off the page.   GOOD. We've got 'em on the ropes.  #SemST,Climate Change is a Real Concern,NONE
"#TakeDownTheFlag & #LoveWins represent tectonic cultural shifts, thanks in no small part 2 Twitter & Facebook. Imagine same 4 #SemST",Climate Change is a Real Concern,NONE
There use to be a glacier on the equator. #SemST,Climate Change is a Real Concern,FAVOR
We need integrated #science with #indigenous knowledge to understand & adapt to  #CFCC15 #SemST,Climate Change is a Real Concern,FAVOR
"as they say touch-wood say tomorrow then I will #democratically be back this way!?!! Re's D #peace ""really"" gone #Democracy #SemST",Climate Change is a Real Concern,NONE
#Netherlands just taught the rest of the world a very important lesson.  #SemST,Climate Change is a Real Concern,NONE
"#Mission:#Climate @ home > Pass your magazines on to a friend, hospital, library, or nursing home. (by @gaiam) #Tip #SemST",Climate Change is a Real Concern,FAVOR
Working with artists & culture is key to weave through the efforts we're doing #grassroots #SemST,Climate Change is a Real Concern,NONE
#SpaceX is looking like major litterbug! Do they clean up the debris. It's $1500 if I litter hi-way. Space X #SemST,Climate Change is a Real Concern,NONE
Artic Ice highest in 10 years for the month of June..yet no headlines.. #scam #SemST,Climate Change is a Real Concern,AGAINST
"Obama & Attenborough brilliant, heart felt & honest  Why can't we have such a discussion here in Oz  #renewables #abc #auspol #SemST",Climate Change is a Real Concern,FAVOR
"QT @BarackObama ""I don't have much patience for anyone who denies that this challenge is real."" 1/2 #SemST",Climate Change is a Real Concern,NONE
I am thinking of turning the central heating off. :) #SemST,Climate Change is a Real Concern,NONE
What can young people do about climate change? @ChangeAgentSA @Gen_Earth @EllaBellaC @missearth_sa  #youth #SemST,Climate Change is a Real Concern,FAVOR
Why Is The Pope Upset?  via @HuffPostComedy #UnzippedTruth #PopeFrancis #SemST,Climate Change is a Real Concern,NONE
"Obamacare ""Doctors Should Warn Global Warmin cud Make Patients' Health Worse"" #Obama #PresidentObama #WhiteHouse #SemST",Climate Change is a Real Concern,FAVOR
@WSJ images like this make me fearful that the next epidemic must be coming soon. #overpopulation #SemST,Climate Change is a Real Concern,NONE
srsly weirds me out i have to wear #sunscreen for the morning #dogwalk getting a #tan at 9am? #wtf #SemST,Climate Change is a Real Concern,FAVOR
A changing planet: 4 places where climate change is taking its toll #SemST,Climate Change is a Real Concern,FAVOR
.@MexONU : #GreenClimateFund projects must be long-lasting & lay the groundwork for low-carbon development economic models #SemST,Climate Change is a Real Concern,FAVOR
Questions about the @LancetGH report?  #asklancet tweet chat happening now! #actonclimate #ClimateHealth #SemST,Climate Change is a Real Concern,FAVOR
@kyjl89 it's crazy. Oklahoma is bracing for more flooding rains (4th cycle this year) & Canada is burning. #SemST,Climate Change is a Real Concern,FAVOR
#Mission:#Climate on the road > Give your car a break (by @EPA) #Tip #SemST,Climate Change is a Real Concern,FAVOR
Anyone else agree we should switch to concrete? + Them new snazzy self-lit roads in Netherlands! #ElectricitySaving #Autobahn #SemST,Climate Change is a Real Concern,FAVOR
Enjoying watching Sir David Attenborough and Obama talk about climate change mitigation #LoveNature #SemST,Climate Change is a Real Concern,FAVOR
Government trusts you to listen to the narrative but never enough to let you see the proof... #SemST,Climate Change is a Real Concern,NONE
I expected New Zealand's so-called leaders to show leadership. Instead they show weak-minded ignorance. Laggardship. #SemST,Climate Change is a Real Concern,NONE
@jimrome I think the 5k has got them gripping Romey #SmackOff #valkilmer #seeingwonder #SemST,Climate Change is a Real Concern,NONE
"I really can't stand the Catholic church but I think I have a crush on #PopeFrancis ! Shhhh, don't tell!  #AnimalRights #SemST",Climate Change is a Real Concern,NONE
#Transpregnancy #transgender is a major reason why scientists can't find a cure to #cancer #aids #SemST,Climate Change is a Real Concern,NONE
"Barack Obama meets David Attenborough, I'm so ready for this and I cannot wait! 89 year's old and always on form #legend #SemST",Climate Change is a Real Concern,NONE
Minister @manupulgarvidal about the importance of #INDCs to build momentum to #Paris2015 at press conference at #UN #SemST,Climate Change is a Real Concern,NONE
"LED lights, water saving toilets, showerheads, appliances etc. when we renovate, we choose efficient.   #myChangeForClimate #SemST",Climate Change is a Real Concern,FAVOR
@metaceptive @jmgamerorus gutted I've missed this would have loved to hear this talk. Africa represented #SemST,Climate Change is a Real Concern,NONE
"Can @BarackObama use $866,615 of jet fuel on His #EarthDay trip to Florida? YES HE CAN!!! -mao @POTUS #FAIL #SemST",Climate Change is a Real Concern,NONE
When U think about #GOP positions on #MarriageEquality #EqualPay #Guns & #Marijuana its no surprise they don't believe in #SemST,Climate Change is a Real Concern,NONE
"Noted climatologist, marine biologist,& oceanographer Ted Danson told us 27 yrs ago that the oceans would be dead in 10 yrs. #SemST",Climate Change is a Real Concern,AGAINST
Thank you @GreenpeaceNZ for getting out there yesterday and highlighting  one of the most important issues we are facing. #SemST,Climate Change is a Real Concern,FAVOR
The best call still and will always be Matt in Cleveland. #KirstieAllie #ValKilmer #SemST,Climate Change is a Real Concern,NONE
.@BlissTabitha I'm sure this Eco-Friendly Pope will remember to Turn-Off-the-Lights on his way out #LastPope  #PopeForPlanet  #SemST,Climate Change is a Real Concern,FAVOR
#Mission:#Climate @ home > Simplify (by @BeZeroWaste) #Tip #DoYourPart #SemST,Climate Change is a Real Concern,FAVOR
"A high emissions scenario would be a disaster for marine life, as well as for ourselves - Dr Williamson #SemST",Climate Change is a Real Concern,FAVOR
The carbon clock is ticking @CarbonBubble #SurplusGas #carbon #gas #SemST,Climate Change is a Real Concern,FAVOR
"When the Last Tree Is Cut Down, the Last Fish Eaten & the Last Stream Poisoned, You Will Realize That You Cannot Eat Money #SemST",Climate Change is a Real Concern,FAVOR
Last Thursday Lake Mead (the largest U.S. reservoir) had the lowest water level reported since 1937 #HistoryInTheMaking  #SemST,Climate Change is a Real Concern,FAVOR
The Climate Change people are disgusting assholes. Money transfer scheme for elite. May you rot.   #SemST,Climate Change is a Real Concern,AGAINST
"Seriously, how many times can #Republicans be wrong? #ACA #LGBTRights #GovernmentShutdown #AutoBailout #StimulusSpending #SemST",Climate Change is a Real Concern,NONE
"Not to worry, sediment cores prove shellfish & coral will recover in just 160,000 years. #oilandgas #rbe #tvp #SemST",Climate Change is a Real Concern,FAVOR
@CBCNews @nationalpost The human mind is incapable of dealing with that of which it has no experience  #SemST,Climate Change is a Real Concern,NONE
@MarkRuffalo @flea333 @kellyslater unfortunate how USA refuses to take seriously damage we're responsible for #SaveTheEarth  #SemST,Climate Change is a Real Concern,FAVOR
@ChelseaMAGOP He's not perfect. Who among us is?  ;-)  #encyclical #SemST,Climate Change is a Real Concern,NONE
@shalomshuli I'm guessing there was a lot less humidity back in the time of Moses. #SemST,Climate Change is a Real Concern,FAVOR
"I love this Pope. I don't care what religion you are, this guy is awesome. #SemST",Climate Change is a Real Concern,NONE
"First listen, then conviction, next action - Dali Lama on #Glasto2015 #SemST",Climate Change is a Real Concern,NONE
"''this is the planet on which we live, it's the only one we've got and we've got to protect it.'' #Obama #Attenborough #SemST",Climate Change is a Real Concern,FAVOR
@NaughtyBeyotch He Is psychic 2  Huh #SemST,Climate Change is a Real Concern,NONE
"these days this I #know! I #implemented it years ago & simply walked away but I know, regards Dion #peace #Democracy! #Goal?? #SemST",Climate Change is a Real Concern,NONE
My dogs are #panting to the beat of my music! #SemST,Climate Change is a Real Concern,NONE
#heatstroke in Sind & Rajasthan temperature Incresng in frozen areas #earthquake rain shower reduced A massive climate change #SemST,Climate Change is a Real Concern,FAVOR
"@EnvReddit no surprise with this, @blindspotting has some ideas on how to take a holistic approach #circulareconomy #SemST",Climate Change is a Real Concern,NONE
"Monsignor Sanchez Sorondo: ""Earth is sick. We need to heal it. #SemST",Climate Change is a Real Concern,FAVOR
"@SenWhitehouse "" Dr. David Legates of the University of Delaware explain....higher temperatures lead to higher levels of CO2 #SemST",Climate Change is a Real Concern,FAVOR
Have never been so outrageously grateful for a slight cool breeze drifting over my body. Is this the future? #nakedtimes #SemST,Climate Change is a Real Concern,FAVOR
There are a lot of things that need to be done. But first should be changing our mindset.  #WaterManagement #SemST,Climate Change is a Real Concern,FAVOR
A lot of damage is being done every day. But we are going to win this. #yrcannes #CannesLions #SemST,Climate Change is a Real Concern,FAVOR
It's so unfortunate that the systematic destruction of our planet is merely seen to some as a political issue. #SemST,Climate Change is a Real Concern,FAVOR
Stress on #water resources threatens lives and livelihoods #anthropoceneage #sustainability #SemST,Climate Change is a Real Concern,FAVOR
. @JanezPotocnik22:The EU is spending the 300 billion collected through environmental tax on fossil fuel subsidies #Almedalen #SemST,Climate Change is a Real Concern,FAVOR
"It doesn't simply rain in Houston anymore, it storms.  #SemST",Climate Change is a Real Concern,FAVOR
#vatican will be destroyed the most vile creatures ever the creators of #islam #sodomising #children  #fakestine and #SemST,Climate Change is a Real Concern,NONE
Can't wait to watch 'When Attenborough Met Obama' Should be fascinating! @POTUS #sirdavidattenborough #lovemydavid #Hero #SemST,Climate Change is a Real Concern,NONE
I don't  care why the globe is warming. I just want to stop it before there is irreparable harm #fuckpolitics #sciencerules #SemST,Climate Change is a Real Concern,FAVOR
Brilliant talk from @GeorgeMonbiot #Dali Lama @guardian #divestment is the key action for all on #Glasto2015 #SemST,Climate Change is a Real Concern,NONE
@_A___L___I_ well they should! Why do you think people in Karachi r dying? because we don't care about our environment! #SemST,Climate Change is a Real Concern,FAVOR
The last thing #Australia or the world needs are 2 more vast earth destroying #coal mines! Let's get real and fight  #auspol #SemST,Climate Change is a Real Concern,FAVOR
#Mission:#Climate @ home > Wash laundry in cold water (by @ETPowerlines) #Tip #DoYourPart #SemST,Climate Change is a Real Concern,FAVOR
"We need to work with confidence, transparence and guided by consensus @manupulgarvidal at @UN_PGA event on #action2015 #SemST",Climate Change is a Real Concern,NONE
".@RobSilver What are the chances, @irbrodie? #Kyoto #CPC? #cdnpoli #SemST",Climate Change is a Real Concern,NONE
"Around 1500 new homes being built every year in England in areas at high risk of #floods, adding to risk from #UKClimate2015 #SemST",Climate Change is a Real Concern,FAVOR
Great to hear @dannyksfun @kdeleon remind us #diversity needed for best #innovation #ESS15 #americaknowshow #SemST,Climate Change is a Real Concern,NONE
"@LiberalAus - #Wrong #century re the #IPCCreport & the involved #methodology I do have to say, ""regards Dion #peace #ideology #SemST",Climate Change is a Real Concern,NONE
[Man] cannot change the climate of any country; he adds no new element to the soil ~ Charles Darwin #anthropocene #SemST,Climate Change is a Real Concern,AGAINST
#MainauDeclaration2015.....lets push the Agenga worldwide without any fear #climatejustice2015 #SemST,Climate Change is a Real Concern,FAVOR
"UN, decline of 50% in crop yields in developing countries (rice,wheat,corn) over the next 35 years,especially in the tropics #SemST",Climate Change is a Real Concern,FAVOR
"We Aren't The Dinosaurs, We're The Asteroid. #earth #extinction #SemST",Climate Change is a Real Concern,FAVOR
Climate change?! Explain the definition of climate change.. #fraud #CCOT #liberty #CruzCrew #SemST,Climate Change is a Real Concern,AGAINST
@notabarrister @scrufflove pfft...we're getting that next week #standard #SemST,Climate Change is a Real Concern,NONE
@thewest_com_au @Pammieoz we're way behind everybody on just about everything  #gaymarriage #asylumseekers #SemST,Climate Change is a Real Concern,NONE
@annbritton @NicolleFlint @guinnipig time will prove who's right. #disease #drought #obesity #SemST,Climate Change is a Real Concern,FAVOR
"Road to #Paris2015 ""#ADP2015 co-chairs' new tool will be presented on July 24th"" @manupulgarvidal at @UN_PGA event on #SemST",Climate Change is a Real Concern,NONE
"Raining again then Im sure, it wi suddenly get warm again right after. #SemST",Climate Change is a Real Concern,FAVOR
I'm burnin up baby where u at? #hangin #hanginpls #SemST,Climate Change is a Real Concern,NONE
#Mission:#Climate @ home > Defrost old fridges and freezers regularly #Tip #LoveOurPlanet #SemST,Climate Change is a Real Concern,FAVOR
"The natural world is part of our inheritance, we have to protect it  @Sir_Attenboroug with @POTUS on #BBC #Earth #SemST",Climate Change is a Real Concern,FAVOR
"If we do not act, we will be the generation who knew, but did not move. - @najatvb #CFCC15 #SemST",Climate Change is a Real Concern,FAVOR
Honestly I don't understand why I like California so much. I'm so bad in the heat. #SemST,Climate Change is a Real Concern,NONE
Coldest and wettest summer in memory. #mosquitoes #mowtwiceaweek #brrrr #SemST,Climate Change is a Real Concern,FAVOR
Why is nothing being done about  #SemST,Climate Change is a Real Concern,NONE
Good luck @solarimpulse for #Flight8. You will do it @andreborschberg ! #solar #solarimpulse #ActOnClimate #SemST,Climate Change is a Real Concern,FAVOR
"The #greatman @BarackObama met #greatman David Attenborough & change seems possible, attainable. Listen up! #Attenborobama #SemST",Climate Change is a Real Concern,FAVOR
@popupincubator #innovation of super converter on fishing boat w/ no more use of fossil fuel is looking for funding scheme in #SemST,Climate Change is a Real Concern,FAVOR
until newyork london frankfurt knee deep in sea #water NOTHING will happen @unfccc #cop21 #co95=FREE parties @annaborgeryd #SemST,Climate Change is a Real Concern,FAVOR
"@rupertmurdoch - feel! I'll bin this one & upload a newer mix in a few days see which version you like better, re's D #peace #SemST",Climate Change is a Real Concern,NONE
"Thank you to all our 300 followers, helping us to raise awareness of #HumanRights #SOSEurope #prisonersofconscience #torture #SemST",Climate Change is a Real Concern,NONE
"Oh: Watching the #news re #Greece currently, it's ([all]) #relative re #why I'm here! Re's D #peace #GMS #Democracy #Goal??? #SemST",Climate Change is a Real Concern,NONE
"The + 1 is a #democratic dip in ""deeper waters"" & no more re #why I'm here, regards Dion #peace #Democracy! #Goal? #Future??? #SemST",Climate Change is a Real Concern,NONE
#Tolerance... I wonder how much more #Mother #Earth has at #methodology levels re our #capitalistic #ideologies? #SemST,Climate Change is a Real Concern,FAVOR
"If ozone science had been ignored by your dad, @JebBush we would be in dire straits right now. Could you thank him for us? #SemST",Climate Change is a Real Concern,FAVOR
Pupils in P5-7 from Lincluden Primary are participating in Carbon Busters Project 2015-2016! #LearningForSustainability #SemST,Climate Change is a Real Concern,FAVOR
"Thx @susanbowenphoto @Omaniblog had fun in my home county, will be back later this summer with @castellscarmen-catching up 4 #SemST",Climate Change is a Real Concern,NONE
And Onan cast his CO2 into the atmosphere and committed the sin of emission #bible #SemST,Climate Change is a Real Concern,FAVOR
If ther clmate change alarmists come out in sept this year and tell me this was the hottest winter on record ill go postal #SemST,Climate Change is a Real Concern,AGAINST
America is changing faster like speed of the light #ConfederateTakeDown  #LoveWins #SemST,Climate Change is a Real Concern,NONE
"@POTUS , before we can defeat ISIS we first must defeat #SemST",Climate Change is a Real Concern,NONE
Good news #SCOTUS confirmed the #UN has ZERO authority of U.S. property or enforcement. Who cares what the elites say! #COP21 #SemST,Climate Change is a Real Concern,NONE
@BillMoyersHQ CONGRATULATIONS to the DUTCH!!!!!!! GOOD WORK!!!!!! #Change #SemST,Climate Change is a Real Concern,NONE
Why all talks #Rainforests? 1/6 of the World Russia is not less important ! #DoctorCarbon Advocate #sustainability !   #SemST,Climate Change is a Real Concern,FAVOR
@washingtonpost That is one of the most INSANE and DELUSIONAL quotes I've ever seen.  #tcot #tlot #SemST,Climate Change is a Real Concern,NONE
#AnnapurnaVancheswaran says it took 2 years to cut through the #bureaucracy & speak to Indian #government about #pivotal15 #SemST,Climate Change is a Real Concern,NONE
"We cant deny it, its really happening.  #SemST",Climate Change is a Real Concern,FAVOR
#Republican party will go down in history books as party that stood in the way of #gayrights and initiative to reverse #SemST,Climate Change is a Real Concern,NONE
RT varunkr842: #Please_Save_Trees for our own #Survival to fight #Saveourplanet #SemST,Climate Change is a Real Concern,FAVOR
Rent a theatre and show the movie #ChasingIce to my friends and family to spread the message of global warming. #My1500 #SemST,Climate Change is a Real Concern,FAVOR
Drought effects spreading in western NorAm and BC Gov't will destroy prime farmland to enable more #LNG #SiteC #bcpoli #SemST,Climate Change is a Real Concern,FAVOR
"With no rain in the next 5 days, it would have been the driest June in #Santiago de #Chile in morden history. #SemST",Climate Change is a Real Concern,FAVOR
There's a great challenge 4 #leadershhip in #globslopportunity 2search synergetic efforts w/ their fellows to get engaged in #SemST,Climate Change is a Real Concern,NONE
"As a general rule, mandatory things of all kinds should be refused. #vaccines #gmo #science #bees #fitness #sb277 #nutrition #SemST",Climate Change is a Real Concern,NONE
"It's ""mindblowing"" to me to watch this, #SirDavidAttenborough. #SemST",Climate Change is a Real Concern,NONE
#Mission:#Climate @ home > Move your thermostat down 2C in winter and up 2C in summer #Tip #DoYourPart #SemST,Climate Change is a Real Concern,FAVOR
SO EXCITING! Meaningful climate change action is on the way! #abpoli #GHG #SemST,Climate Change is a Real Concern,FAVOR
"This Pope. I swear, he is about to tempt my wayward ass back to the church. #love #justice #SemST",Climate Change is a Real Concern,NONE
"#AskRobertRedford Beyond the national level, what can be done on the individual level to mitigate the effects of #SemST",Climate Change is a Real Concern,FAVOR
loud ass thunder and three seconds of rain here #thanksobama #SemST,Climate Change is a Real Concern,FAVOR
SA has played an instrumental role in rallying other BASIC countries to strengthen South-South cooperation on matters around #SemST,Climate Change is a Real Concern,NONE
Amazing interview with @POTUS and David Attenborough #SemST,Climate Change is a Real Concern,NONE
(1/2) Poisoning of the #Biosphere cannot be dealt with by free market economics;  #TaxWallStreet #Environment #GMO #SemST,Climate Change is a Real Concern,FAVOR
Observations on the atmosphere and oceans reflect the human influence in climate change via Dr. Dimitra Founda #rengreece #SemST,Climate Change is a Real Concern,FAVOR
So #Christian s...  Without beaches what is your God going to make sand people out of?  #RisingSeaLevel #SemST,Climate Change is a Real Concern,FAVOR
BIG #DecaYeah and Happy #Smackoff / #EichelDay to @AnthonySalerno & @EagtheDeuce #ValKilmer #Bust #SemST,Climate Change is a Real Concern,NONE
"Btw, @barackobama -@potus , seem as though you^ve been LOSING in the fight AGAINST . #SemST",Climate Change is a Real Concern,NONE
56. Here we see how environmental deterioration and human & ethical degradation are closely linked. #LaudatoSi #environment #SemST,Climate Change is a Real Concern,FAVOR
Rt easyprintitja: Rt FirstKingTre: Freak #rain in Kingston #Jamaica.. sudden #skuii876 #SemST,Climate Change is a Real Concern,NONE
Scary stat of the day: 7% of the area of urban greenspace in England has been lost since 2001 @theCCCuk #SemST,Climate Change is a Real Concern,FAVOR
"Hey @DrAnthonyLynham, please reject the Adani Carmichael #coal mine and Abbot Point. Our Reef and climate are at risk!  #GBR #SemST",Climate Change is a Real Concern,FAVOR
"Went for a run, now I can't feel my legs and my brain feels like it's boiling. #SemST",Climate Change is a Real Concern,NONE
@osteomath @capitalweather Funny how you all of a sudden refer to him as a weatherman now  #climatechange...weather. #SemST,Climate Change is a Real Concern,FAVOR
Greenland's ice is melting faster this summer under a dome of high pressure #SemST,Climate Change is a Real Concern,FAVOR
Bought media = advertising. Earned media = #socialmedia. Real causes do not have #botfollowers #environment #CrueltyFree #SemST,Climate Change is a Real Concern,FAVOR
The default scientific position is skepticism. #tcot #SemST,Climate Change is a Real Concern,NONE
@DalaiLama suggests we should have schools for politicians to educate them on critical issues #WithCompassion #HHDL80 #SemST,Climate Change is a Real Concern,NONE
We are working to elect climate-friendly governments across North America #FeelTheBern #NDP #LPC #GPC #BQ #HARPERPAC.CA #SemST,Climate Change is a Real Concern,FAVOR
@lancet  #climatehealth report says we need ambitious programme like Marshall plan or Apollo mission to tackle climate change #SemST,Climate Change is a Real Concern,FAVOR
#Mission:#Climate @ home > Wrap your water heater in an insulation blanket #Tip #ActOnClimate #SemST,Climate Change is a Real Concern,FAVOR
@DrOakley1689 @PhxApologetics Maybe they just misused their resources and their societies collapsed #deforestation #SemST,Climate Change is a Real Concern,FAVOR
@shalyn67 religion / race have already been disproven by reason and science. I wonder what we can do about politics #drought #SemST,Climate Change is a Real Concern,NONE
#KCA #VoteJKT48ID ENGIEgroup: #ENGIE 9 new #COP21 solutions and more here >  #SemST,Climate Change is a Real Concern,NONE
@cschultzwx there has been a ton of lightning up there every other day for the past week! #lolz #SemST,Climate Change is a Real Concern,NONE
"I don't want to be ""that guy"" but can we now make ""climate change denier marriage"" illegal? #MarriageEquaility #Idea #SemST",Climate Change is a Real Concern,FAVOR
"BREAKING: This just in, an ocean wave just broke an inch further on the beach than normal! #SemST",Climate Change is a Real Concern,AGAINST
If you do not repent your emission of CO2 you will end up in hell #bible #SemST,Climate Change is a Real Concern,FAVOR
@RileyRoder And yet James Inhofe tells us that global warming isn't real. #SemST,Climate Change is a Real Concern,FAVOR
Stormiest 2014-2014 in Ireland and UK in 143 years. That saying something @NewsClimate @wattsupwiththat   #SemST,Climate Change is a Real Concern,FAVOR
We're growing vegetables at home. Tell your friends and followers what you're doing for climate! #myChangeForClimate #SemST,Climate Change is a Real Concern,FAVOR
"#FF @CarbonTaxCenter, @ProtecThePlanet, @WCSMyanmar, @ClimateWise2015, & @Pragmactivist99. Work for a #green energy future. #SemST",Climate Change is a Real Concern,FAVOR
Just got canvassed! Hope you'll join me in supporting @VPIRG this summer! #solar #peoplepower #SemST,Climate Change is a Real Concern,FAVOR
"@Reince #GOPClownCar a shame #gop considers ""HRC emails"" more disconcerting than #jobs #infrastructure #education #SemST",Climate Change is a Real Concern,NONE
@davidswann says he wants carbon fund to be spent on public transportation and renewable energy. #ejlive #ableg #SemST,Climate Change is a Real Concern,FAVOR
"Top-down approach is not only the solution , global governments must act together with global community against #SemST",Climate Change is a Real Concern,FAVOR
Oh my lord! So hot and humid for few days now. Can u stop cutting trees and cut down ur emissions World??? #SavetheWorld #SemST,Climate Change is a Real Concern,FAVOR
"Cause and Effect - Dry conditions, wildfires.  #Preventable #HumanCaused #SemST",Climate Change is a Real Concern,FAVOR
#Mission:#Climate @ home > Reduce . Reuse . Recycle . Replenish . Restore  (by @ScrapCatalytics) #Tip #EarthRightNow #SemST,Climate Change is a Real Concern,FAVOR
"Delivering good jobs for Albertans, maintaining a stable economy & meeting climate change strategy. Good goals. #abpoli #GHG #SemST",Climate Change is a Real Concern,FAVOR
RT @MediaRage: One of the most brilliant BS stories created by man to subjugate others:  #LeftistLiesIsBS #SemST,Climate Change is a Real Concern,NONE
Disappointed that we are basing decisions about our very real planet on a man made currency system. #SCOTUS #EPA #SemST,Climate Change is a Real Concern,FAVOR
We support Australia's Climate Roundtable which is providing a framework for sensible debate ahead of Paris @COP21 #SemST,Climate Change is a Real Concern,FAVOR
GlblWarmingNews And the tooth fairy might be causing kids to lose teeth! #carbontaxscam #Chemtrails #SemST,Climate Change is a Real Concern,AGAINST
"Second heatwave hits NA NW popping up everywhere, and floods too, record wildfires in canada, what a mess,  time up! #SemST",Climate Change is a Real Concern,FAVOR
"Feeling like #SCOTUS got it right, right, right ... then very wrong. Sigh. #Climatedenial #SemST",Climate Change is a Real Concern,FAVOR
@suzyji @climatedepot Great news to arrest a regulatory agency's flagrant over reach. Pathetic how little #EPA knows of #SemST,Climate Change is a Real Concern,FAVOR
@RBJRON @fedupofpollys @Jolly57La We should worry about the state he's going to leave #Australia in. #NBN Fraudband #refugees #SemST,Climate Change is a Real Concern,NONE
Scorching summers for UK by end of the century! Thank Rocks I won't be here to suffer them! :-)  #SemST,Climate Change is a Real Concern,FAVOR
The ruling by @Scotus is a major setback for @EPA & the environment.  #dirtycoal #SemST,Climate Change is a Real Concern,FAVOR
RT @fadoben60: When the rate of #Utilisation exceeds the rate of #Regeneration then it calls for #DEGRADATION. #michachallen... #SemST,Climate Change is a Real Concern,NONE
Population growth is only a problem because humans treat the earth like shit.  #govegan #environment #SemST,Climate Change is a Real Concern,FAVOR
@ChrisLeinberger :  change from #drivable to #walkable = #1 benefit 4 #APANE2015 #SemST,Climate Change is a Real Concern,FAVOR
"Everywhere we look, moderate weather seems to be going extinct. #robertredford #UN #SemST",Climate Change is a Real Concern,FAVOR
"#FF @YebSano, @Alex_Verbeek, @AboutREnergy, @ClimateThing, & @Recycle2Print. Work for a #green energy future. #SemST",Climate Change is a Real Concern,FAVOR
"Being an engaged mom, means voting 4 the climate 2. Supporting only candidates who have a plan 2  act on #playin4climate #SemST",Climate Change is a Real Concern,FAVOR
@SpeakerBoehner @JebBush @tedcruz Denial isn't just a river in Egypt. It's #gop strategy. #racism #SemST,Climate Change is a Real Concern,NONE
"@LStygal I'm with you there, plenty of followers on that do to #environment #greenvegans #plugging #SemST",Climate Change is a Real Concern,FAVOR
"If you have any remaining doubts about climate change, go watch @chasingice on Netflix and proceed to shitting your pants. #SemST",Climate Change is a Real Concern,FAVOR
News flash for all the haters!! THE EARTH IS ROUND! #LoveWins #SCOTUS #SemST,Climate Change is a Real Concern,NONE
Negative times a negative equals a positive...wonder if that applies to emotions too??? #manthoughts #sustainablehumans #SemST,Climate Change is a Real Concern,NONE
tsgtalexander: GlblWarmingNews And the tooth fairy might be causing kids to lose teeth! #carbontaxscam #Chemtrails #SemST,Climate Change is a Real Concern,AGAINST
#seattle 72 degrees. Trying to sleep with industrial fan--sounds like choppers are circling the house. #HeatWave #SemST,Climate Change is a Real Concern,FAVOR
"Isn't CO2 impact on warming logarithmic, and at current levels, 390 ppm, incremental impact negligible? #NDP #SemST",Climate Change is a Real Concern,FAVOR
Climate change is an emergency. Stop denial and start taking steps. #climatehealth #SemST,Climate Change is a Real Concern,FAVOR
When did CO2 become a dangerous pollutant that must be curtailed? What do you exhale again? #Iwantanswers #SemST,Climate Change is a Real Concern,AGAINST
"Islamists kill in France, Tunisia and Syria. But let's remember that our greatest threat is from the #hoax formerly known as #SemST",Climate Change is a Real Concern,NONE
@noel_kck @TomSteyer @BillNye @POTUS Further proof of #SemST,Climate Change is a Real Concern,NONE
"I bet as a species, Man farts more today due to: Soda, Carbonated Beverages & Fast Food than any other recorded era before. #SemST",Climate Change is a Real Concern,NONE
#MainauDeclaration2015 watch out guys.. This is HUGE!! #LindauNobel #SemST,Climate Change is a Real Concern,NONE
"Audio world, look out! There's a new sheriff in town   #audio #music #world #entrepreneur #love #life #SemST",Climate Change is a Real Concern,NONE
"One day it will be clear that someone has changed their opinion due 2 one or more of my tweets, but I'm not holding my breath #SemST",Climate Change is a Real Concern,NONE
Do #Catholics follow #God's word or this #Pope's ramblings?  #SemST,Climate Change is a Real Concern,NONE
@DavidAttenborough meets @BarackObama on #TVNZOne interview on his life and the effects of #SemST,Climate Change is a Real Concern,NONE
@ClimateCentral @ChristineMilne Some people r so guilt free #SemST,Climate Change is a Real Concern,NONE
#Mission:#Climate @ home > Purchase green power (if available) (by @EPA) #Tip #SemST,Climate Change is a Real Concern,FAVOR
"@FireUntildawn @chriskkenny Let me guess. You're a LYING, RABID LEFTIST/WARMIST USED TO TWISTING FACTS TO FURTHER YOUR AGENDA #SemST",Climate Change is a Real Concern,NONE
@AssaadRazzouk @TheEarthNetwork @wynnandreid USA is behind....due to IDIOCY #SemST,Climate Change is a Real Concern,NONE
I'm sick of celebrities who think being a well known actor makes them an authority on anything else. #robertredford #UN #SemST,Climate Change is a Real Concern,AGAINST
@bendicoot Shit. Who set the Supreme Court to Evil again?  #SemST,Climate Change is a Real Concern,NONE
"So, its 20 degrees celcius in mendoza argentina beginning of winter  #mendoza #SemST",Climate Change is a Real Concern,FAVOR
"After the Millennials come the Apocalypticals. Thanks, breeders. #overpopulation #SemST",Climate Change is a Real Concern,NONE
"That #Putin chap must be extremely #confused, it stuck between 2 old now #ideologies just between you & me! ""Regards D #peace #SemST",Climate Change is a Real Concern,NONE
@Icicle167 OK yeah that's bad... but Vancouver literally never used to get this hot #laudatosi' #SemST,Climate Change is a Real Concern,FAVOR
How did the #GreatBarrierReef look to you compared to when you dived it 60 years ago? @POTUS #Attenborough @ForeignOfficial #SemST,Climate Change is a Real Concern,FAVOR
"@ParvaSaeua not to worry, our real enemy is #Obama #SemST",Climate Change is a Real Concern,NONE
@realDonaldTrump - You are not very smart Donald #SemST,Climate Change is a Real Concern,NONE
@brasfildtsb He hit the nail on the head. We're (hopefully) on the edge of a paradigm shift on #SemST,Climate Change is a Real Concern,NONE
"RT @transitionlouth: @BP_plc We need degrowth - stop destroying our planet, BP. #SemST",Climate Change is a Real Concern,FAVOR
@RegimeChangeBC @ndnstyl It's sad to be the last generation that could change but does nothing. #Auspol #SemST,Climate Change is a Real Concern,FAVOR
"For me watching the #ideology of #capitalism at work is like watching a ""train wreck"" in #progress! #Democracy #Goal? #Future #SemST",Climate Change is a Real Concern,NONE
"@UN - Yet another I #pray in my ""own"" way day re #why I'm online, that #important this I know! ""Regards"" Dion #peace #Future #SemST",Climate Change is a Real Concern,NONE
Sunny  Rainy bipolar weather. Wow real quick ma nigga #SemST,Climate Change is a Real Concern,NONE
"Without a place for feeding, mating and giving birth, there is no future for polar bears :( #SemST",Climate Change is a Real Concern,FAVOR
The #MNTwins game is going really fast tonight. More proof of #SemST,Climate Change is a Real Concern,NONE
Eating a cow is 9x worse than eating a chicken in terms of CO2 emissions. #SemST,Climate Change is a Real Concern,FAVOR
RT @GreenLivingGB: @earthhour Looks like a great event. Green is the way forward! #SemST,Climate Change is a Real Concern,FAVOR
"National announces plan to put out fire in pantry. Rest of the house can burn baby, burn. #sameoldshit #SemST",Climate Change is a Real Concern,NONE
David Attenborough being interviewed by President Obama is brilliant & fascinating viewing #ForeignCorrespondent #ABC #tunein #SemST,Climate Change is a Real Concern,NONE
"Reading: ""The Whale and the Supercomputer. On the Northern Front of Climate Change"" by Charles Wohlforth #arctic #SemST",Climate Change is a Real Concern,FAVOR
Considering moving yo Antarctica as thats the only way I could possibly become more #chill #SemST,Climate Change is a Real Concern,NONE
U.S. Should hold referendum prior to Paris talks to gauge American support for dealing (hopefully leading) on #SemST,Climate Change is a Real Concern,NONE
Australia is leading the way. Backwards. #MarriageEquaility #auspol #SemST,Climate Change is a Real Concern,NONE
There are NO two sides to this discussion. --@StopMotionsolo  #SemST,Climate Change is a Real Concern,NONE
Climate change is a solvable problem but we need to start today. #HHDL80 #SemST,Climate Change is a Real Concern,FAVOR
#COP21 can succeed or fail. If humankind wants to survive something must be done not for nature but for humans. Simple. #SemST,Climate Change is a Real Concern,FAVOR
As the world emitted CO2 water vapour built up in the atmosphere and caused the Lord to send the flood in retribution #bible #SemST,Climate Change is a Real Concern,FAVOR
Everyone is busy building their bank accounts but one day that paper won't help you during massive natural calamities. #SemST,Climate Change is a Real Concern,FAVOR
A Dutch court has ruled that the gov must cut emissions under human rights law! Interesting. #climatejustice2015 #SemST,Climate Change is a Real Concern,FAVOR
@davidakin @lraitt Installing new #ForestFire navigation systems? #NoKinderMorgan #NoTarSands #cdnpoli #SemST,Climate Change is a Real Concern,NONE
@carol_holman @heifer109 i always said that Democrats would tax the weather if they could #SemST,Climate Change is a Real Concern,NONE
"Global Warming! Global Warming! Global Warming!  Oh wait, it's summer.  #SemST",Climate Change is a Real Concern,AGAINST
if this heat is killing me i don't wanna know what the poor polar bears are going through right now  #SemST,Climate Change is a Real Concern,FAVOR
".@solarimpulse I see this pick up on the rwy with the ""Follow me Andr"" sign... It should be the other way round ! #SemST",Climate Change is a Real Concern,NONE
If we don't do anything we will be the sad generation that had the opportunity to act and didn't #CFCC15 #Journey2015 #SemST,Climate Change is a Real Concern,FAVOR
Did u know th #SCOTUS is 2 Decide If #Coal Plants Can Keep #Emitting Unlimited #Mercury 2 r atmosphere? #POTUS #Gop #Justices #SemST,Climate Change is a Real Concern,FAVOR
The amount of hot takes coming from #LoveWins is the single most significant cause of . #ThanksObama #SemST,Climate Change is a Real Concern,NONE
I can literally sense the global warming NOW.  #SemST,Climate Change is a Real Concern,FAVOR
"If it doesn't warm up soon @Number10gov, I want my money back on the panels for misselling. #45Minutes #dodgydata #Drtker #SemST",Climate Change is a Real Concern,NONE
@stiNgo100 Weather patterns evolving very differently over the last few years..  #SemST,Climate Change is a Real Concern,FAVOR
#PathtoPositive #LA region's green leaders United to find local solutions to #LACityHall #SemST,Climate Change is a Real Concern,FAVOR
Dallas still hasn't hit 100 this year. #SemST,Climate Change is a Real Concern,NONE
Inland so cal has been hot and humid all day. This seems to be our summers - muggy. So strange. #SemST,Climate Change is a Real Concern,FAVOR
Is there a breeze i can catch Lakefront or will I die of a heat stroke there as well? #heatstroke #SemST,Climate Change is a Real Concern,FAVOR
".@ClimatParis2015, the climate science forum begins today. Follow its progress on #CFCC15 #SustainableDevelopment #SemST",Climate Change is a Real Concern,FAVOR
Just read Scalia's idiotic opinion overturning the EPA's carbon emissions limits. Planning to spend day in a seething rage. #SemST,Climate Change is a Real Concern,FAVOR
5-6 inches of rain in a day & from next day there is no rain at all. Temperature reaches 39 C in #Ahmedabad.  #environment #SemST,Climate Change is a Real Concern,FAVOR
"All eyes on China, reports @ClimateNexus -  plan building on agreement with US re: #emissions expected soon #cop21 #ghg #SemST",Climate Change is a Real Concern,FAVOR
Australia...your turn to watch Obama & Attenborough @ABCenvironment #SemST,Climate Change is a Real Concern,NONE
"Yo if you live in the United States right now, and do not believe in Global Climate Change, you're a fucking idiot. #fact #SemST",Climate Change is a Real Concern,FAVOR
@jimrome @Daytripper20 Yea Yea Yea Yea #Smackoff #ValKilmer #SeeingWonder #BumSmack #SemST,Climate Change is a Real Concern,NONE
Pittsburgh had a Regatta without boats. River full of debris and swift currents. Too dangerous #SemST,Climate Change is a Real Concern,NONE
